Gothic 1,68.0
Vanguard Princess,21.0
Counter-Strike,36.0
Rocksmith® 2014 – Cake - “I Will Survive”,12.0
Team Fortress Classic,21.0
The Last Federation,68.0
Painkiller Redemption,21.0
Day of Defeat,21.0
Deathmatch Classic,21.0
Zombeer,36.0
Half-Life: Opposing Force,21.0
TSIOQUE Demo,0
Ricochet,21.0
Gothic 3: Forsaken Gods Enhanced Edition,36.0
Last Knight: Rogue Rider Edition,31.0
Half-Life,36.0
ArcaniA: Fall of Setarrif,48.0
Dirt 3 Teaser Trailer PEGI,0
Counter-Strike: Condition Zero,36.0
99 Spirits - Weeping Demon's Bell,21.0
Codename Gordon,0
SUGURI,25.0
Counter-Strike: Condition Zero,36.0
Typing Instructor Platinum 21,88.0
Typing Instructor for Kids Platinum 5,68.0
Jets'n'Guns Gold,28.0
Professor Teaches Photoshop Creative Cloud,0
Half-Life: Blue Shift,21.0
Shu's Garden,21.0
Dungeons 2,112.0
Sir! I'd Like To Report A Bug!,0
Counter-Strike Beta,0
Europa Universalis IV: Art of War Ebook,11.0
Tsukumogami,88.0
QR Champions: Jump Start Tournament,11.0
Arma 2: British Armed Forces,49.0
Pat & Mat,34.0
Salt,48.0
Arma 2: Private Military Company,49.0
Salt Demo,0
Rocksmith® 2014 – Billy Talent - “Fallen Leaves”,12.0
Take On Helicopters,99.0
Take On Helicopters: Hinds,49.0
Take on Helicopters - Noisecontrollers,0
Take on Helicopters - Rearmed,0
