Vanguard Princess , 21.0
Counter-Strike , 36.0
Team Fortress Classic , 21.0
Sir! I'd Like To Report A Bug! , 0
Day of Defeat , 21.0
Deathmatch Classic , 21.0
Zombeer , 36.0
Half-Life: Opposing Force , 21.0
TSIOQUE Demo , 0
Ricochet , 21.0
Last Knight: Rogue Rider Edition , 31.0
Half-Life , 36.0
Motorhead , 21.0
Counter-Strike: Condition Zero , 36.0
99 Spirits - Weeping Demon's Bell , 21.0
Codename Gordon , 0
SUGURI , 25.0
Counter-Strike: Condition Zero , 36.0
Typing Instructor Platinum 21 , 88.0
Typing Instructor for Kids Platinum 5 , 68.0
Jets'n'Guns Gold , 28.0
Professor Teaches Photoshop Creative Cloud , 0
Half-Life: Blue Shift , 21.0
Shu's Garden , 21.0
Dungeons 2 , 112.0
Counter-Strike Beta , 0
Tsukumogami , 88.0
Squad , 168.0
Cat Simulator , 15.0
Nova-111: Original Soundtrack , 21.0
World of Soccer online , 0
Hurtworld , 78.0
Marvel Heroes 2015 - Loki Pack , 68.0
Marvel Heroes 2015 - Hawkeye Hero Pack , 36.0
Marvel Heroes 2015 - Cable Hero Pack , 0
Half-Life 2: Demo , 0
Half-Life 2 , 36.0
Counter-Strike: Source , 68.0
Crazy Pixel Streaker , 0
Cloudbuilt , 68.0
3DMark Sky Diver benchmark , 0
World of Guns: Gun Disassembly , 0
Half-Life: Source , 36.0
Fran Bow Demo , 0
Circa Infinity Original Soundtrack , 31.0
Day of Defeat: Source , 36.0
Dead Man's Draw , 28.0
Half-Life 2: Deathmatch , 21.0
TNN Motorsports Hardcore TR , 0
Rollers of the Realm , 63.0
The Journey Back , 11.0
Half-Life 2: Lost Coast , 112.0
Borderless Gaming - Donation #1 , 0
Manga Maker Comipo , 133.0
Half-Life Deathmatch: Source , 36.0
Half-Life 2: Episode One , 31.0
Robot Exploration Squad , 21.0
ROOT , 36.0
Portal , 36.0
Gunman Clive , 11.0
Portal: First Slice , 0
The Bug Butcher Demo , 0
Half-Life 2: Episode Two , 31.0
Gathering Sky - Original Soundtrack , 21.0
RFLEX - The Awesome Soundtrack , 6.0
Team Fortress 2 , 0
Streamline , 15.0
Chuck's Challenge 3D , 18.0
Liquid Rhythm , 19.0
Audials Radiotracker 12 - Upgrade to Audials One Suite , 100.0
Audials Moviebox 12 - Upgrade to Audials One Suite , 112.0
Tom vs. The Armies of Hell , 0
Audials Tunebite 12 - Upgrade to Platinum , 48.0
Left 4 Dead , 68.0
Audials Tunebite 12 - Upgrade to Audials One Suite , 112.0
RaySupreme 3D , 0
MegaSphere Demo , 0
Synchrom , 36.0
Little Racers STREET , 31.0
Left 4 Dead 2 , 68.0
GoD Factory: Wingmen , 68.0
Magicka 2: Gates of Midgård Challenge pack , 18.0
Magicka 2: Three Cardinals Robe Pack , 21.0
Portal 2 , 68.0
Freedom Fall , 36.0
Alien Swarm , 0
DC Universe Online™ - Episode 15: The Bombshell Paradox / Corrupted Zamaron , 0
Our Darker Purpose , 48.0
Portal 2 , 68.0
Crimsonland , 45.0
Auto Dealership Tycoon , 25.0
The Journey Down: Chapter Two , 38.0
Recovery Search & Rescue Simulation , 48.0
Counter-Strike: Global Offensive , 48.0
Get Over Here , 36.0
Goodbye Deponia Demo , 0
Counter-Strike: Global Offensive - SDK , 0
Kaiju-A-GoGo: Plant Zombie Shrubby Skin , 6.0
Super Chain Crusher Horizon , 0
Broken Sword 5 - the Serpent's Curse , 78.0
Trigonarium , 0
Castle In The Darkness , 25.0
AIPD - Soundtrack , 21.0
Beach Bounce - Soundtrack , 15.0
C-RUSH , 0
Undefeated - Deluxe Contents , 21.0
Bounty Train - Trainium Edition , 109.0
STARWHAL , 40.0
Bot Colony , 0
Zombie Movie , 0
Day of Defeat: Prelude to Victory , 0
Dangerous Waters Trailer , 0
Half-Life 2 Trailer , 0
Half-Life 2: Episode One Trailer , 0
Rag Doll Kung Fu Trailer , 0
Red Orchestra Trailer , 0
Shadowgrounds Trailer , 0
SiN Episode 1: Emergence Trailer , 0
HL2:EP1 Launch Teaser 1 , 0
HL2:EP1 Launch Teaser 2 , 0
HL2:EP1 Launch Teaser 3 , 0
HL2:EP1 Launch Teaser 4 , 0
Half-Life 2: Episode Two Trailer , 0
Day of Defeat: Jagd Trailer , 0
