65540,Gothic 1,free game
262150,Vanguard Princess,2100
10,Counter-Strike,3600
294914,Rocksmith? 2014 每 Cake - ※I Will Survive§,1200
20,Team Fortress Classic,2100
273070,The Last Federation,6800
65560,Painkiller Redemption,2100
30,Day of Defeat,2100
40,Deathmatch Classic,2100
262190,Zombeer,3600
50,Half-Life: Opposing Force,2100
393270,TSIOQUE Demo,free game
60,Ricochet,2100
65600,Gothic 3: Forsaken Gods Enhanced Edition,3600
262210,Last Knight: Rogue Rider Edition,3100
70,Half-Life,3600
65610,ArcaniA: Fall of Setarrif,4800
80746,Dirt 3 Teaser Trailer PEGI,unknown
80,Counter-Strike: Condition Zero,3600
262230,99 Spirits - Weeping Demon's Bell,2100
92,Codename Gordon,unknown
262240,SUGURI,2500
100,Counter-Strike: Condition Zero,3600
393320,Typing Instructor Platinum 21,8800
393330,Typing Instructor for Kids Platinum 5,6800
262260,Jets'n'Guns Gold,2800
393340,Professor Teaches Photoshop Creative Cloud,unknown
130,Half-Life: Blue Shift,2100
393350,Shu's Garden,2100
262280,Dungeons 2,11200
393240,Sir! I'd Like To Report A Bug!,unknown
150,Counter-Strike Beta,unknown
327831,Europa Universalis IV: Art of War Ebook,1100
262300,Tsukumogami,8800
327840,QR Champions: Jump Start Tournament,1100
65700,Arma 2: British Armed Forces,4900
65710,Pat & Mat,3400
327860,Salt,4800
65720,Arma 2: Private Military Company,4900
327870,Salt Demo,free game
294944,Rocksmith? 2014 每 Billy Talent - ※Fallen Leaves§,1200
65730,Take On Helicopters,9900
65733,Take On Helicopters: Hinds,4900
65734,Take on Helicopters - Noisecontrollers,free game
65735,Take on Helicopters - Rearmed,free game
327880,Sublevel Zero,4800
65740,Carrier Command: Gaea Mission,16900
262350,Marvel Heroes 2015 - Loki Pack,6800
262351,Marvel Heroes 2015 - Hawkeye Hero Pack,3600
262352,Marvel Heroes 2015 - Cable Hero Pack,unknown
219,Half-Life 2: Demo,free game
220,Half-Life 2,3600
65760,Pound of Ground Demo,free game
327910,7th Legion,2800
240,Counter-Strike: Source,6800
65780,ARMA: Gold Edition ,5400
262390,Cloudbuilt,6800
327930,Darklands,2800
65790,ARMA: Cold War Assault,2400
65800,Dungeon Defenders,4800
262410,World of Guns: Gun Disassembly,free game
327950,Sword of the Samurai,2800
280,Half-Life: Source,free game
393500,Fran Bow Demo,free game
393510,Circa Infinity Original Soundtrack,3100
300,Day of Defeat: Source,3600
262450,Dead Man's Draw,2800
320,Half-Life 2: Deathmatch,2100
393540,TNN Motorsports Hardcore TR,unknown
262470,Rollers of the Realm,6300
21900,Tom Clancy's H.A.W.X?,unknown
393550,The Journey Back,1100
426040,Goodnight Butcher,1100
340,Half-Life 2: Lost Coast,free game
328021,Fantasy Grounds - Maps: Graystone Castle,2100
328022,Fantasy Grounds - Maps: Winding Caverns,2100
393560,Borderless Gaming - Donation #1,unknown
262490,Manga Maker Comipo,13300
360,Half-Life Deathmatch: Source,free game
327740,Tron 2.0,3600
294974,Rocksmith? 2014 每 Biffy Clyro - ※Many of Horror§,1200
294975,Rocksmith? 2014 每 Biffy Clyro - ※Mountains§,1200
380,Half-Life 2: Episode One,3100
65920,Borderlands: Claptrap's Robot Revolution,3200
294976,Rocksmith? 2014 每 Biffy Clyro - ※Stingin＊ Belle§,1200
211692,007? Legends,unknown
328070,Reflex,3600
294977,Rocksmith? 2014 每 Biffy Clyro Song Pack,5600
65930,The Bureau: XCOM Declassified,6400
294978,Rocksmith? 2014 每 No Doubt - ※Don＊t Speak§,1200
400,Portal,3600
262550,Gunman Clive,1100
410,Portal: First Slice,free game
420,Half-Life 2: Episode Two,3100
393640,Gathering Sky - Original Soundtrack,2100
328110,Shelter Soundtrack,1500
360520,Hypt,3100
393650,RFLEX - The Awesome Soundtrack,600
440,Team Fortress 2,free game
65980,Sid Meier's Civilization?: Beyond Earth?,12700
393290,Motorhead,2100
262590,Chuck's Challenge 3D,1800
328140,Emergency 5 - Deluxe Edition,unknown
66000,The Bureau: XCOM Declassified - Code Breakers,1000
66001,The Bureau: XCOM Declassified - Light Plasma Pistol,400
66002,The Bureau: XCOM Declassified - Hangar 6 R&D,1600
393690,Audials Radiotracker 12 - Upgrade to Audials One Suite,10000
404218,TANE DLC: CSX EMD SD60,4200
393700,Audials Moviebox 12 - Upgrade to Audials One Suite,11200
262630,Tom vs. The Armies of Hell,unknown
328170,aerofly RC 7 Professional Edition,19900
328171,aerofly RC 7 Ultimate Edition,22900
360530,WE ARE DOOMED,3600
393710,Audials Tunebite 12 - Upgrade to Platinum,4800
500,Left 4 Dead,6800
393720,Audials Tunebite 12 - Upgrade to Audials One Suite,11200
262650,RaySupreme 3D,unknown
393730,MegaSphere Demo,free game
393740,Synchrom,3600
262690,Little Racers STREET,3100
550,Left 4 Dead 2,6800
21940,World In Conflict Demo,free game
295008,Rocksmith? 2014 每 Shinedown - ※Bully§,1200
328260,GameMaker: Studio Mac OS X,64000
328650,Knight of the Hamsters,unknown
328280,Pool Nation - Pack of Pipes,1100
262750,GoD Factory: Wingmen,6800
328290,Pool Nation - Sports Pack,600
360550,Cursed Sight,2800
393830,Magicka 2: Gates of Midg?rd Challenge pack,1800
393831,Magicka 2: Three Cardinals Robe Pack,2100
620,Portal 2,6800
295016,Rocksmith? 2014 每 Foreigner - ※Cold As Ice§,1200
262770,Freedom Fall,3600
630,Alien Swarm,free game
393850,DC Universe Online? - Episode 15: The Bombshell Paradox / Corrupted Zamaron,unknown
382400,Dungeons 2 - A Game of Winter,4800
262790,Our Darker Purpose,4800
659,Portal 2,6800
360560,Cursed Sight Demo,free game
222613,Train Simulator: West Coast Main Line Over Shap Route Add-On,11200
262830,Crimsonland,4500
393910,Spec Ops Pack,3100
426100,RPG Maker MV - Season Pass,8800
295029,Rocksmith? 2014 每 The White Stripes Song Pack,5600
393920,Auto Dealership Tycoon,2500
11040,Sherlock Holmes - Nemesis,3600
262850,The Journey Down: Chapter Two,3800
328390,Robot Roller-Derby Disco Dodgeball Demo,free game
207650,A Virus Named TOM,3600
262870,Recovery Search & Rescue Simulation,4800
730,Counter-Strike: Global Offensive,4800
393950,Get Over Here,3600
262880,Goodbye Deponia Demo,free game
745,Counter-Strike: Global Offensive - SDK,unknown
328430,Rex Nebular and the Cosmic Gender Bender,2800
328450,Deadlock II: Shrine Wars,300
393990,Kaiju-A-GoGo: Plant Zombie Shrubby Skin,600
262920,Super Chain Crusher Horizon,unknown
328460,Redline,2800
417770,Death Goat Soundtrack Vol. 1,2800
328470,Slave Zero,2800
295044,Rocksmith? 2014 每 Killswitch Engage Song Pack,4000
262940,Broken Sword 5 - the Serpent's Curse,7800
328480,Twilight Guardian Pack,unknown
21980,Call of Juarez?: Bound in Blood,4800
394030,Trigonarium,unknown
262960,Castle In The Darkness,2500
426120,Energy Cycle Collector's Edition Content,600
328500,Potatoman Seeks the Troof,900
295049,Rocksmith? 2014 每 Tom Petty - ※I Won＊t Back Down§,1200
394040,AIPD - Soundtrack,2100
328510,Monsters & Monocles,unknown
394050,Beach Bounce - Soundtrack,1500
262980,C-RUSH,unknown
328520,Villagers and Heroes: 2014 Halloween Pack,unknown
404280,Construction Simulator 2015: Vertical Skyline,free game
328530,Pirate Hell Demo,free game
360590,"Once Bitten, Twice Dead!",unknown
338745,Slim - Hunter (Medic Class),1600
394080,Undefeated - Deluxe Contents,2100
295056,Rocksmith? 2014 每 Bullet For My Valentine Song Pack,5600
21990,TMNT?,unknown
328550,Thieves' Gambit: The Curse of the Black Cat,1500
394090,Bounty Train - Trainium Edition,10900
263020,STARWHAL,4000
328560,Thieves' Gambit: Curse of the Black Cat Demo,free game
263040,Bot Colony,unknown
900,Zombie Movie,unknown
901,Day of Defeat: Prelude to Victory,unknown
902,Dangerous Waters Trailer,unknown
904,Half-Life 2 Trailer,unknown
905,Half-Life 2: Episode One Trailer,unknown
906,Rag Doll Kung Fu Trailer,unknown
907,Red Orchestra Trailer,unknown
908,Shadowgrounds Trailer,unknown
909,SiN Episode 1: Emergence Trailer,unknown
912,HL2:EP1 Launch Teaser 1,unknown
913,HL2:EP1 Launch Teaser 2,unknown
914,HL2:EP1 Launch Teaser 3,unknown
915,HL2:EP1 Launch Teaser 4,unknown
916,Half-Life 2: Episode Two Trailer,unknown
917,Day of Defeat: Jagd Trailer,unknown
918,Day of Defeat: Colmar Trailer,unknown
922,Portal Trailer,unknown
923,Team Fortress 2 Trailer,unknown
924,Red Orchestra Infantry Tutorial,unknown
925,Red Orchestra Vehicle Tutorial,unknown
926,Red Orchestra Lyes Krovy Trailer,unknown
927,GTI Racing Trailer,unknown
929,Uplink Trailer,unknown
930,Half-Life 2: Episode Two Trailer 2,unknown
931,Team Fortress 2 Trailer 2,unknown
932,HL2:EP2 Gameplay Video 1,unknown
933,HL2:EP2 Gameplay Video 2,unknown
934,HL2:EP2 Gameplay Video 3,unknown
936,HL2:EP2 Gameplay Video 4,unknown
937,HL2:EP2 Gameplay Video 5,unknown
941,Red Orchestra Fall Update Trailer,unknown
942,Heroes of Annihilated Empires Trailer,unknown
945,X3: Reunion 2.0 Trailer,unknown
946,Gumboy Trailer,unknown
947,Eets Trailer,unknown
948,Silverfall Trailer,unknown
949,Joint Task Force Trailer,unknown
950,Hitman: Blood Money Trailer,unknown
951,Just Cause Trailer,unknown
953,TrackMania United Trailer,unknown
954,"Runaway, The Dream of the Turtle Trailer",unknown
955,Battlestations: Midway Trailer,unknown
956,Project: Snowblind Trailer,unknown
960,Team Fortress 2: Meet the Heavy,unknown
961,Red Orchestra June '07 Update Trailer,unknown
963,TrackMania United Webisode 1,unknown
964,TrackMania United Webisode 2,unknown
965,TrackMania United Webisode 3,unknown
966,TrackMania United Webisode 4,unknown
967,TrackMania United Webisode 5,unknown
968,Sam & Max: Season 1 Trailer,unknown
974,Lost Planet Trailer,unknown
975,Kane & Lynch HD Trailer 2,unknown
976,Kane & Lynch HD Trailer,unknown
977,ThreadSpace: Hyperbol Trailer,unknown
978,Titan Quest - Immortal Throne Trailer,unknown
980,SpaceForce? Rogue Universe Trailer,unknown
982,Gish Trailer,unknown
983,Call of Juarez? Trailer,unknown
984,BioShock? HD Trailer,unknown
985,Team Fortress 2: Meet the Soldier (English),unknown
986,RACE 07 Trailer,unknown
987,Team Fortress 2: Meet the Engineer,unknown
988,Kane & Lynch HD Trailer 3,unknown
991,Loki HD Trailer,unknown
992,Company of Heroes: Opposing Fronts Trailer,unknown
994,Team Fortress 2: Meet the Heavy (Russian),unknown
995,The Orange Box Commercial,unknown
997,Team Fortress 2: Meet the Demoman,unknown
998,Call of Duty 4 HD Trailer,unknown
999,Painkiller Overdose Trailer,unknown
328680,Crab Cakes Rescue,2800
1002,Rag Doll Kung Fu,unknown
1003,Rag Doll Kung Fu Demo,free game
394220,Last Horizon,2100
11090,Dracula Origin Demo,free game
328690,Gold Rush! Anniversary Special Edition Upgrade,1500
251390,Call of Cthulhu: The Wasted Land,2100
328700,Marvel Heroes 2015 - Magneto Pack,5500
353560,Plug & Play,1500
328710,One Last Day,5000
360620,Spellsworn,3600
394250,Noximilian the Clockmaker,1200
263180,Squirt's Adventure,unknown
316930,Kings of Kung Fu,3600
394260,Dance Magic,3600
393390,Cat Simulator,1500
328730,Letter Quest: Grimm's Journey,unknown
394270,Country Tales,unknown
263200,Signs of Life,3600
328740,Bit Odyssey,2100
394280,Dark Heritage: Guardians of Hope,3600
394290,Tennis in the Face,2100
328760,SanctuaryRPG: Black Edition,3100
394310,Punch Club,3600
328780,Vampires: Guide Them to Safety!,unknown
394320,Crusader Kings II: Conclave,4800
394321,Crusader Kings II: Conclave Content Pack,2100
328790,Prophour23 - Soundtrack,1800
426170,Defragmented,4800
328810,The Mighty Quest For Epic Loot - Knight Pack,4800
328811,The Mighty Quest For Epic Loot - Archer Pack,4800
328812,The Mighty Quest For Epic Loot - Mage Pack,4800
328813,The Mighty Quest For Epic Loot - Runaway Pack,4800
328814,The Mighty Quest For Epic Loot - All Heroes Pack,8800
328815,The Mighty Quest For Epic Loot - Bronze Defender Pack,6000
263280,SPINTIRES?,unknown
328817,The Mighty Quest For Epic Loot - Gold Defender Pack,24800
328818,The Mighty Quest For Epic Loot - The BIG Package,32800
328820,Lords of the Fallen? Artbook,unknown
328821,Lords of the Fallen? Map,unknown
394360,Hearts of Iron IV,unknown
328830,Rugby Union Team Manager 2015,6800
394370,Golden Rush - Premium 1 year,unknown
263300,BlazBlue: Calamity Trigger,3600
393410,World of Soccer online,free game
328850,Organ Trail: Director's Cut - Soundtrack,2800
394390,Daydreamer,3800
263320,Saturday Morning RPG,2800
394400,Three Digits - Soundtrack,2800
328870,Draft Day Sports Pro Basketball 4,6800
394410,Golden Rush - Paladin Hero,unknown
263340,Continue?9876543210,unknown
1200,Red Orchestra: Ostfront 41-45,3600
394420,Golden Rush - Assassin Hero,unknown
394421,Golden Rush - Witch Hero,unknown
394423,Golden Rush - Barbarian's Full Set of Artifacts,unknown
394430,Dimension Drive,unknown
263360,3089 -- Futuristic Action RPG,2800
222597,Train Simulator: GEML Class 90 Loco Add-On,6800
393420,Hurtworld,7800
1230,Mare Nostrum,free game
394450,"Warhammer 40,000: Deathwatch - Enhanced Edition",7800
263380,Driftmoon,4800
382500,Yatagarasu Attack on Cataclysm Demo,free game
11130,Sherlock Holmes: The Mystery of the Mummy,3600
1250,Killing Floor,6800
1256,Killing Floor Outbreak Character Pack,3100
1257,Killing Floor: Nightfall Character Pack,3100
327890,I am Bread,4200
394480,Ringies,1800
263420,Probably Archery,2100
1280,Darkest Hour: Europe '44-'45,free game
414672,Nameless will heal your heart ~Tei~,3600
394510,HELLDIVERS?,6800
1300,SiN Episodes: Emergence,unknown
1309,SiN Episodes: Emergence,unknown
328990,Koya Rift,unknown
1313,SiN Episodes: Emergence,unknown
263460,Girls Like Robots,unknown
327900,LogicBots Demo,free game
394540,Spaceport Hope,3100
329010,Crusader Kings II: Way of Life,3100
329011,Crusader Kings II: Iberian Unit Pack,1100
329012,Crusader Kings II: Iberian Portraits,1100
329013,Crusader Kings II Ebook: Tales of Treachery,2800
394550,Gunman Clive 2,1500
263480,Final Rush,2100
329020,Battlegrounds of Eldhelm,free game
394560,Pinball Arcade: Season Five Pack,8800
394561,Pinball Arcade: Season Five Pro Pack,11200
329030,Life is Strange Demo,free game
263500,Dragons and Titans,free game
329040,Dungeon Kingdom: Sign of the Moon,6500
11150,Sherlock Holmes: The Silver Earring,3600
329050,Devil May Cry? 4 Special Edition,9800
263520,Enola,4800
394600,Mighty Gunvolt,2100
263540,Villagers and Heroes,free game
263560,Paper Sorcerer,2100
329100,Leadwerks Game Engine: FPS Weapons Pack,8800
329110,Gems of War,free game
394650,Satellite Reign Soundtrack,3100
327920,BloodNet,2800
329130,Reassembly,4800
67000,The Polynomial - Space of the music,2800
393460,Crazy Pixel Streaker,4000
329150,Vanguard Princess Lilith,1500
67010,The Polynomial - Space of the music Demo,free game
263620,Mitsurugi Kamui Hikae,3600
394700,Karma. Incarnation 1,unknown
394710,Karma. Incarnation 1 Demo,free game
263640,CDF Ghostship,5500
1500,Darwinia,3600
295162,BR Standard Class 4MT Loco Add-On,2800
1502,Darwinia Demo,free game
1510,Uplink,3600
394730,Bloodbath Kavkaz - Khovan Revenge,unknown
1520,DEFCON,3600
1522,DEFCON Demo,free game
349780,Fatty Maze's Adventures,unknown
1530,Multiwinia,3600
394750,Victor Vran: Original Soundtrack and Artbook,2800
263680,Unearthed: Trail of Ibn Battuta - Episode 1 - Gold Edition,2100
426240,Caretaker Sacrifice,unknown
1540,Multiwinia Demo,free game
394760,Dead Effect 2,5200
394770,Owys,600
263700,Muffin Knight,unknown
329240,The Weaponographist,3600
327940,Dragonsphere,2800
67100,Making History II: War of the World Demo,free game
394790,Navpoint Demo,free game
329260,Defense Grid 2 Demo,free game
393480,3DMark Sky Diver benchmark,free game
329270,Warhammer Quest,unknown
394810,Fantasy Grounds - War of the Dead Chapter 1 for Savage Worlds,4800
394811,Fantasy Grounds - Interface Zero 2.0 for Savage Worlds,6800
263740,FootLOL: Epic Fail League,2100
1600,Dangerous Waters,4800
1610,Space Empires IV Deluxe,3600
394830,One Upon Light,4000
263760,Turbo Dismount?,3600
1620,Jagged Alliance 2 Gold,6800
394840,Mars Colony: Frontier,3600
1630,Disciples II: Rise of the Elves ,2800
360720,Soda Star,1800
394850,Square Brawl,2100
1640,Disciples II: Gallean's Return,2800
349800,The Charnel House Trilogy Demo,free game
394870,Office Battle,600
263800,Spaceforce Constellations,3600
1670,Iron Warriors: T - 72 Tank Command ,2100
263820,EvilQuest,unknown
329360,TesserAct - Official Soundtrack,unknown
327960,Journey of the King,unknown
394900,The Borrower,1100
404420,Sun Dogs,3600
1690,Space Empires V,4800
394910,Past Your Eyes,1100
263840,Out of the Park Baseball 14,6800
1700,Arx Fatalis,2100
394920,Future Farmer,400
22130,Hearts of Iron 2 Complete,4800
1710,Arx Fatalis Demo,free game
263860,SPACECOM,3600
329400,Crow Demo,free game
394940,Gillespie,400
338890,Harold,3600
263880,Aqua Kitty - Milk Mine Defender,2800
394960,The Facility,unknown
329430,State of Decay: YOSE Day One Edition,8800
394970,DEADBOLT,unknown
329440,Sonic Lost World,8800
22140,Penumbra: Requiem,unknown
263920,Zombie Grinder,3400
426280,Perpetuum - Upgrade Kit Zero,3600
329460,JumpJet Rex,3600
11220,Shadowgrounds Survivor Demo,free game
263940,Red Baron Pack,3600
329480,Snow Light,3600
327980,Dragon Fantasy: The Volumes of Westeria,3600
395020,Master Spy OST,2100
329490,Phantom Breaker: Battle Grounds,4000
263960,Wyv and Keep: The Temple of the Lost Idol,4800
329500,SPACECOM Demo,free game
22150,Europa Universalis III Complete Demo,free game
67370,The Darkness II,9500
395051,The Art of Satellite Reign: Art Book,1800
263980,Out There Somewhere,500
1840,Source Filmmaker,free game
395060,Bard's Gold - Soundtracks,1100
329530,Age of Wonders III - Eternal Lords Expansion,6800
395070,Afterlife Empire Demo,free game
264000,Son of Nor,6800
329550,Alea Jacta Est Cantabrian Wars,1800
329551,Alea Jacta Est Spartacus 73BC,1800
264020,Geekbench 3,unknown
437220,The Culling,unknown
395100,Systematic Immunity,unknown
22160,Europa Universalis: Rome - Gold Edition Demo,free game
1900,Earth 2160,2100
11240,Space Trader: Merchant Marine,2100
264060,Full Bore,4800
1920,Two Worlds,unknown
395140,Miracle Fly,3100
1930,Two Worlds Epic Edition,3600
395150,Dark Storm VR Missions,3600
264080,Vangers,unknown
329620,Across the Rhine,2800
395160,Toby: The Secret Mine,3600
329630,Command HQ,2800
395170,DISTRAINT,2100
329640,Eradicator,2800
11250,Pacific Storm,600
329650,NAM,2800
395190,Reiner Knizia's The Confrontation,6800
264120,Victory: The Age of Racing,free game
395200,Ben and Ed,3600
329670,Silent Service 2,2800
395210,SKYHILL Demo,free game
264140,Pixel Piracy,3600
329680,Task Force 1942: Surface Naval Action in the South Pacific,2800
329690,BasketBelle,2100
395230,HELLDIVERS? - Ranger Pack,1500
395231,HELLDIVERS? - Commando Pack,1500
264160,WazHack,3800
395233,HELLDIVERS? - Support Pack,1500
395234,HELLDIVERS? - Pilot Pack,1500
395235,HELLDIVERS? - Demolitionist Pack,1500
395236,HELLDIVERS? - Hazard Ops Pack,1500
395237,HELLDIVERS? - Specialist Pack,1500
395238,HELLDIVERS? - Weapons Pack,1500
395239,HELLDIVERS? - Vehicles Pack,1800
395250,The Adventures of Fatman,1800
328020,Fantasy Grounds - Maps: Cobblestone City and Inn,2100
395260,Shadowrun: Hong Kong - Extended Edition Deluxe Upgrade DLC,3600
360790,MAGIX Audio Cleaning Lab 2016,15800
395270,A Wolf in Autumn,1100
264200,One Finger Death Punch,2100
395290,Galacide - Art Book,1500
264220,Mr. Bree+,unknown
441340,Elite Dangerous: Horizons Season Pass,24000
329760,Chariot - Soundtrack,1800
395300,Voxel Blast,4000
11270,Gumboy Tournament Demo,free game
329770,4089: Ghost Within,2500
264240,CONSORTIUM,3600
2100,Dark Messiah of Might & Magic,2000
264260,Global Outbreak: Doomsday Edition,3400
415950,Yohjo Simulator,2100
2130,Dark Messiah of Might & Magic,2000
395350,Doors,2100
264280,99 Levels To Hell,2100
329820,RPG Maker: Old School Modern 2 Resource Pack,2100
329821,RPG Maker: Tales of the Far East,3600
329822,RPG Maker: Forest of the Necromancer Soundscapes,3600
264300,Guns n Zombies,3100
395380,ANKI,600
264320,Captain Morgane and the Golden Turtle,2100
329860,Catlateral Damage,3600
395400,Freedom Cry,500
65900,Sid Meier's Civilization? V: Demo,free game
395410,Battle of Empires: 1914-1918 - Skirmish Pack,1500
264340,Major Mayhem,unknown
2200,Quake III Arena,6800
395420,The Dwarf Run,1700
2210,Quake IV,6800
264360,La Tale,free game
417260,G-senjou no Maou - The Devil on G-String Japanese Voice Pack,6800
395440,Volume - Making of eBook,1800
395441,Volume - Original Soundtrack,3800
360820,The Talos Principle - Serious DLC,1500
395450,I Can't Escape: Darkness Original Soundtrack,1800
264380,Narcissu 1st & 2nd,free game
395460,The Cat Lady Album (Music From The Video Game),1800
264400,Jacob Jones and the Bigfoot Mystery : Episode 1,unknown
395480,Mr Makeshifter,3100
2270,Wolfenstein 3D,2100
264420,Comicado,unknown
2280,Ultimate Doom,2100
328060,Tales Runner,free game
329970,KeeperRL,4800
229758,RPG Maker: The Nothing Battles Music Pack,2100
395510,BLACKHOLE Demo,free game
264440,Children of Liberty,3600
2300,DOOM II,2100
395520,Missing Translation,free game
393600,Robot Exploration Squad,1500
2310,QUAKE,3600
395530,Missing Translation: Deluxe Edition,unknown
264460,A-Men,3600
330000,Kingdoms CCG,free game
382680,Men With Beards,1100
2330,QUAKE II Mission Pack: The Reckoning,2100
395550,Operation Hardcore,2500
264480,BlackSoul: Extended Edition,2800
2340,QUAKE II Mission Pack: Ground Zero,2100
395560,Lost Horizon 2,11200
2350,QUAKE III: Team Arena,6800
360840,Lumini,4200
395570,We Are The Dwarves,7900
2360,HeXen: Beyond Heretic,2100
395580,Inventioneers,2800
393610,ROOT,3600
2370,HeXen: Deathkings of the Dark Citadel,2100
264520,Moebius: Empire Rising,4800
55010,Flotilla Demo,free game
395600,Armor Clash,4000
2390,Heretic: Shadow of the Serpent Riders,2100
264540,Platformines,6200
2400,The Ship: Murder Party,free game
328080,Retro-Pixel Castles,3600
264560,Quest for Infamy,3600
2420,The Ship: Single Player,unknown
395640,Velocity Stream,4800
264580,Lost Civilization,1000
55020,Air Forte,3600
11330,Obulis,2100
2450,Bloody Good Time,2000
264600,Sonic and All-Stars Racing Transformed - Yogscast DLC,unknown
264610,PAYDAY 2: Armored Transport,1800
395690,Waste Walkers Role Playing Game DLC,1500
80826,Red Faction: Armageddon Infestation Trailer,unknown
330160,Substance Designer 5 Indie,37900
395700,Painters Guild - Soundtrack,2100
393630,The Bug Butcher Demo,free game
349941,DW8E: Wallpaper Pack,4200
277230,MAGIX Audio Cleaning Lab 2014,unknown
2500,Shadowgrounds,2800
382710,Circle The Wagen,1100
2510,Shadowgrounds Demo,free game
264660,TrackMania? Valley Demo,free game
44110,Super Laser Racer Demo,free game
2520,Gumboy - Crazy Adventures?,free game
328100,Gunspell - Steam Edition,4800
2525,Gumboy - Crazy Adventures?,free game
360870,Ultimate Tic-Tac-Toe,free game
2535,Gumboy Demo,free game
264680,King's Bounty: Legions | Beast Master Pack,3600
264681,King's Bounty: Legions | Champion of the Realm Pack,3600
264682,King's Bounty: Legions | Lord of Chaos Pack,1800
264683,King's Bounty: Legions | True Tactician Ultimate Pack,10000
2540,RIP - Trilogy?,2100
2545,RIP - Trilogy?,2100
264690,Coin Crypt,3600
2550,RIP - Trilogy?,2100
2560,RIP 3 Demo,free game
55040,Atom Zombie Smasher,3600
11350,Larva Mortus Demo,free game
264710,Subnautica,6800
2570,Vigil: Blood Bitterness?,free game
2580,Vigil - Blood Bitterness Demo,free game
339033,Assassin＊s Creed? Rogue - Time Saver: Resource Pack,800
264730,Deadly 30,400
339034,Assassin＊s Creed? Rogue - Time Saver: Technology Pack,800
2590,Alpha Prime,3400
2600,Vampire: The Masquerade - Bloodlines,unknown
264750,Assassin＊s Creed? IV Black Flag? - Time saver: Technology Pack,800
2610,GUN?,6800
55050,Atom Zombie Smasher Demo,free game
395850,Bear Simulator,4800
395860,The Last Dream: Developer's Edition,3600
360890,The Lost Valley,2100
264802,Assassin＊s Creed?IV Black Flag? - MP Character Pack: Blackbeard's Wrath,1200
264804,Assassin＊s Creed?IV Black Flag? - Illustrious Pirates Pack,2900
264805,Assassin＊s Creed? IV Black Flag? 每 Guild of Rogues,1200
393660,Streamline,1500
11000,Loki Demo - Norse Warrior,free game
330350,Robotex,2100
395890,Lapland Solitaire,2100
2680,The History Channel?: Civil War,unknown
395900,Backgammon Blitz,3600
264830,Professional Farmer 2014 - Good Ol＊ Times DLC,1100
2690,Empires: Dawn of the Modern World,unknown
395910,Get Rich or Die Gaming,unknown
264840,Realms of Arkania: Blade of Destiny - For the Gods DLC,1500
264841,Realms of Arkania: Blade of Destiny - Ogredeath DLC,free game
2700,RollerCoaster Tycoon? 3: Platinum,6800
395920,Playing History - The Plague,unknown
264850,TrackMania? Canyon Demo,free game
2710,Act of War: Direct Action,1500
395930,Farm Frenzy: Heave Ho,unknown
2720,ThreadSpace: Hyperbol,3600
349980,Gremlin Invasion: Survivor,unknown
2730,ThreadSpace: Hyperbol Demo,free game
395950,Convoy Soundtrack,3600
24096,Train Simulator: Falmouth Branch Route Add-On,4200
395960,???? ????,34900
395970,Spacejacked Demo,free game
207990,Sine Mora Demo,free game
2760,Neverwinter Nights? 2 Platinum,unknown
395980,Break Into Zatwor,400
264910,Project Zomboid Demo,free game
395990,Galactic Civilizations III - Revenge of the Snathi DLC,2100
2780,ARMA: Combat Operations,4400
264930,Professional Farmer 2014 Demo,free game
2790,Atari 80 Classics in One,unknown
396010,The Rise of Chubtan,3100
262610,Liquid Rhythm,1900
2800,X2: The Threat,2100
11390,Crash Time 2,3600
2810,X3: Reunion,3600
396030,InCell VR,free game
2820,X3: Terran Conflict,5200
330510,Onikira - Soundtrack,1400
330511,Onikira - Bonus Contents,unknown
2840,X: Beyond the Frontier,2100
396060,The Rose and I,free game
264990,Young Justice: Legacy - Blue Beetle Hero Pack,600
264991,Young Justice: Legacy - Bumblebee Hero Pack,600
264992,Young Justice: Legacy - Lagoon Boy Hero Pack,600
264993,Young Justice: Legacy - Wonder Girl Hero Pack,1100
2850,X: Tension,2100
264995,Young Justice: Legacy - Classic Costume Pack,600
264996,Young Justice: Legacy - Covert Costume Pack,600
109702,Achron Soundtrack,unknown
265000,FORCED SHOWDOWN,unknown
2870,X Rebirth,10600
396090,Rogue State,4200
330570,Noct,3600
2900,688(I) Hunter/Killer,3600
350010,Time Mysteries: Inheritance - Remastered,3600
2910,Fleet Command,3600
265060,APB Reloaded: New Blood Booster Pack,unknown
265061,APB Reloaded: Key to the City Pack,unknown
2920,Sub Command,3600
382780,Steve Chong Finds Out That Suicide is a Bad Idea,1100
330620,It's A Wipe!,2100
396160,Secret Of Magia,100
330630,RPG Maker: Underworld Soundscapes,3600
330631,RPG Maker: Halloween Tiles Resource Pack,3600
360940,The Mean Greens - Plastic Warfare,3600
396170,HELLDIVERS? - Entrenched Pack,1500
396171,HELLDIVERS? - Pistols Perk Pack,1500
265100,Gas Guzzlers Extreme Demo,free game
396173,HELLDIVERS? - Precision Expert Pack,1500
350020,The Gate,free game
330650,RPG Maker: Dark Hero Character Pack,3600
396190,Crystal Towers 2 Demo,free game
265120,Meridian: New World,600
330660,Luna's Wandering Stars,3600
382790,Aya: Awakenings,1100
265130,Marvel Puzzle Quest - S.H.I.E.L.D. New Recruit Pack,3600
265131,Marvel Puzzle Quest - Avengers＊ Battle Kit,11200
265132,Marvel Puzzle Quest - Nick Fury＊s Doomsday Plan,24800
2990,FlatOut 2?,3600
265140,Magic 2015 - Garruk's Revenge Expansion,2100
265141,Innistrad Card Collection,2100
265142,Theros Card Collection,2100
265143,Ravnica Card Collection,2100
330680,Solar Struggle,2500
265145,Zendikar Card Collection,2100
265146,Collection Unlock 〞 Alara,2100
404640,Game Tycoon 2,3600
3010,Xpand Rally,unknown
360950,Descent: Underground,5800
396230,VERSUS: The Lost Ones,1800
3020,Call of Juarez?,4800
396240,VERSUS: The Lost Ones Demo,free game
265170,Acceleration of SUGURI X-Edition HD,2500
211780,Conflict Desert Storm?,2800
396250,VERSUS: The Lost Ones - WorningBird Hints,600
265191,THIEF DLC: Booster Pack - Opportunist,600
265192,THIEF DLC: Booster Pack - Predator,600
265193,THIEF DLC: Booster Pack - Ghost,600
3050,Xpand Rally Xtreme,unknown
265200,Pinball FX2 - Doctor Strange Table,1500
371880,Collider,2200
265210,Viscera Cleanup Detail: Santa's Rampage,900
360960,POSTAL 2: Paradise Lost,2500
396290,In Between Demo,free game
330760,Running Shadow,free game
265230,The Age of Decadence Demo,free game
330770,Radial-G : Racing Revolved,4200
396310,Masochisia,3100
265240,Crazy Machines: Golden Gears,3600
396320,Tank Battle: 1944,3200
415580,Bit Shifter OST - Shift Into Cyberspace,2100
295431,Call of Duty?: Ghosts - Extinction Pack,unknown
330800,The Interactive Adventures of Dog Mendon?a and Pizzaboy Demo,free game
295433,Call of Duty?: Ghosts - Koi Pack,unknown
3130,Men of War: Red Tide,2100
295434,Call of Duty?: Ghosts - Heavy Metal Pack,unknown
330820,Read Only Memories,3600
437430,Valhalla Hills: Sand of the Damned DLC,2100
396360,LowcoBall,600
265290,Marvel Heroes 2015 - Wolverine Hero Pack,unknown
265291,Marvel Heroes 2015 - Gambit Hero Pack,6800
265292,Marvel Heroes 2015 - Avengers Assemble Team Pack,unknown
265293,Marvel Heroes 2015 - X-Force Team Pack,unknown
265300,Lords Of The Fallen?,13300
55140,MX vs. ATV Reflex,6800
11450,Overlord?,2100
3170,King's Bounty: Armored Princess,3600
396390,Barbie and Her Sisters Puppy Rescue,6800
328210,Retro-Pixel Castles - The Living Soundtrack!,1500
396400,Monster High: New Ghoul in School,4800
265330,Gomo,2100
3190,King's Bounty Armored Princess Demo,free game
3200,Painkiller: Black Edition,3600
265350,Super Spatters Demo,free game
22380,Fallout: New Vegas,3600
3210,Painkiller Demo,free game
396440,Battle of Empires: 1914-1918 - Battle of Cambrai,free game
3230,Genesis Rising,2100
396450,One-eyed Jak,unknown
265380,Grimind,3600
328220,Wild Season,5500
396460,Evoland 2 - Soundtrack,2800
360990,Ongaku,unknown
396470,Evoland 2 - Artbook,7800
265400,FX Football - The Manager for Every Football Fan,unknown
3260,Safecracker: The Ultimate Puzzle Adventure,2100
396480,Battlestation: Harbinger,3600
265410,Space Hulk - Behemoth Skin DLC,1100
11020,TrackMania Nations Forever,free game
396490,Dead In Bermuda Demo,free game
3280,Painkiller Overdose Demo,free game
396510,Sentinels of the Multiverse - Soundtrack (Volume 3),2100
3300,Bejeweled 2 Deluxe,9900
328230,A Bird Story - Original Soundtrack,1500
3302,Bejeweled 2 Deluxe Free Demo,free game
3310,Chuzzle Deluxe,2100
3312,Chuzzle Deluxe Free Demo,free game
396530,Fireflies,1100
265460,RPG Maker: Inspirational Vol. 1,7800
265461,RPG Maker: Adventurer's Journey,2100
265462,RPG Maker: Sinister Hollows,6800
265463,RPG Maker: High Fantasy Resource Pack,7800
3320,Insaniquarium Deluxe,2100
3322,Insaniquarium Deluxe Free Demo,free game
396540,Cliffs of War: Fortress Defenders,2800
22400,Fallout 3 - Operation Anchorage,2100
3330,Zuma Deluxe,9900
3332,Zuma Deluxe Free Demo,free game
3340,AstroPop Deluxe,unknown
3342,AstroPop Deluxe Free Demo,free game
339160,Tales of the Orient: The Rising Sun,2800
265490,Songs2See,6800
3350,Bejeweled Deluxe,unknown
3352,Bejeweled Deluxe Free Demo,free game
371930,Pillar Original Soundtrack,2500
3360,Big Money! Deluxe,unknown
3362,Big Money! Deluxe Free Demo,free game
3370,Bookworm Deluxe,unknown
3372,Bookworm Deluxe Free Demo,free game
396590,CMYW,1800
3380,Dynomite Deluxe,unknown
3382,Dynomite Deluxe Free Demo,free game
265530,Axis Game Factory Demo,free game
3390,Feeding Frenzy 2 Deluxe,unknown
3392,Feeding Frenzy 2 Deluxe Free Demo,free game
3400,Hammer Heads Deluxe,2100
3402,Hammer Heads Deluxe Free Demo,free game
396620,Quantum Flux - Soundtrack,600
265550,Dead Rising 3 Apocalypse Edition,19600
3410,Heavy Weapon Deluxe,2100
200020,Global Ops: Commando Libya,2100
251790,Steel Storm A.M.M.O.,3600
396631,La Tale - Infinite Prestige Package,7800
396632,La Tale - Infinite Potential Package,6000
3420,Iggle Pop Deluxe,2100
3422,Iggle Pop Deluxe Free Demo,free game
3430,Pizza Frenzy Deluxe,unknown
3432,Pizza Frenzy Deluxe Free Demo,free game
396650,ACE Academy,7800
3440,Rocket Mania Deluxe,unknown
200050,Naval War: Arctic Circle,6800
265590,The Red Solstice,6800
3450,Typer Shark! Deluxe,unknown
3452,Typer Shark! Deluxe Free Demo,free game
3460,Talismania Deluxe,unknown
382870,Falcom? Mashup Set,22400
3462,Talismania Deluxe Free Demo,free game
265610,Epic Battle Fantasy 4,4000
3470,Bookworm Adventures Deluxe,unknown
3472,Bookworm Adventures Deluxe Free Demo,free game
396690,La-Mulana Original Sound Track,4800
3480,Peggle Deluxe,9900
3482,Peggle Deluxe Free Demo,free game
3483,Peggle Extreme,free game
265630,Fistful of Frags,free game
3490,Venice Deluxe,unknown
3492,Venice Deluxe Free Demo,free game
3500,Mystery P.I.? - The Lottery Ticket,unknown
331181,Hero Siege - The Depths of Hell (Collector's Edition),1200
3502,Mystery P.I.? - The Lottery Ticket Free Demo,free game
22430,Fallout 3 - Mothership Zeta,2100
3510,Amazing Adventures The Lost Tomb?,unknown
3512,Amazing Adventures The Lost Tomb? Demo,free game
396730,gShift,1500
3520,Mystery P.I.? - The Vegas Heist,unknown
3522,Mystery P.I.? - The Vegas Heist Free Demo,free game
265670,Imagine Me,unknown
3530,Amazing Adventures Around the World,unknown
3532,Amazing Adventures Around the World Demo,free game
3540,Peggle? Nights,9900
328270,Leviathan: The Last Day of the Decade,4800
396760,PONCHO 每 Original Soundtrack,2100
265690,NaissanceE,4800
331230,Croixleur Sigma Original Soundtrack,3100
361040,Doom & Destiny Advanced,3600
3560,Bejeweled Twist,unknown
3562,Bejeweled Twist Free Demo,free game
200185,Worms Revolution: Medieval Tales DLC,2100
3580,The Wizard's Pen?,unknown
200189,Worms Revolution: Funfair DLC,2100
3582,The Wizard's Pen? Free Demo,free game
396800,12 Labours of Hercules IV: Mother Nature (Platinum Edition),1500
3590,Plants vs. Zombies GOTY Edition,unknown
3592,Plants vs. Zombies Demo,free game
396810,The Black Watchmen - Season 2: Enduring Conflict,7800
3600,Escape Rosecliff Island,unknown
3602,Escape Rosecliff Island Demo,free game
396820,Mass Destruction,unknown
265750,Secret Ponchos,4800
3610,Mystery P.I. - Lost in Los Angeles,unknown
3612,Mystery P.I. - Lost in Los Angeles Demo,free game
3620,Zuma's Revenge!,unknown
3622,Zuma's Revenge! Demo,free game
265770,Cannons Lasers Rockets,free game
3630,Bookworm? Adventures Volume?2,unknown
396850,Chronicles of the Witches and Warlocks,2500
396860,Over The Hills And Far Away,3400
265790,Residue: Final Cut,2500
331340,Tulpa,3600
265810,The Sandbox,2100
17580,Dystopia,free game
331350,USFIV: Shoryuken Wild Pack,2500
331351,USFIV: Brawler Wild Pack,2500
331352,USFIV: Shadaloo Wild Pack,2500
331353,USFIV: Classic Wild Pack,2500
331354,USFIV: Femme Fatale Wild Pack,2500
331355,USFIV: Challengers Wild Pack 1,2500
331356,USFIV: Challengers Wild Pack 2,2500
331357,USFIV: Arcade Challengers Wild Pack,2500
331358,USFIV: 2014 Challengers Wild Pack,2500
331360,Heavy Metal Machines,free game
396900,GRIP,5200
265830,Monochroma,6800
200300,Defenders of Ardania: Battlemagic,1100
396910,ESCHATOS Original Soundtrack (Steam Edition),2100
3700,Sniper Elite,3600
382910,Blood Bowl 2 - Wood Elves,3800
200310,Defenders of Ardania: The Conjurer's Tricks,1500
396920,Coin Crypt: Sea and Sky Expansion,2100
3710,Judge Dredd: Dredd vs. Death,3100
3720,Evil Genius,3600
200330,Serious Sam 3: BFE Bonus Pack,3600
265870,Alpha Kimori? 1,2500
404760,ZombieZoid - Zenith Demo,free game
3730,Aliens versus Predator Classic 2000,2100
361070,Sandmason Demo,free game
396960,Gaokao.Love.100Days - Yes Monitress,free game
265890,Hexcells,1500
331440,bit Dungeon II,1800
200370,A Game of Dwarves,3600
331450,Disney?Pixar Finding Nemo,3600
396990,AZURE PHOSPHORESCENCE,3600
331460,Rooms: The Unsolvable Puzzle,4800
328310,Logistics Company,4800
200390,Oil Rush,unknown
397000,Exile's End - Original Soundtrack by Keiji Yamagishi,3600
265930,Goat Simulator,3600
200396,Oil Rush Tower Defense Map Pack,unknown
200397,Oil Rush OST,unknown
331470,Everlasting Summer,free game
200400,Wasteland Angel Demo,free game
397010,Magnetic: Cage Closed - Challenge Map Pack DLC,free game
3800,Advent Rising,3600
200410,SOL: Exodus,3100
397020,Ironkraft - Road to Hell,3600
265950,Ether One,6800
3810,BloodRayne,3600
331491,Sword of Asumi - Graphic Novel,1100
331492,Sword of Asumi - Character Creator,600
397030,Go! Go! Nippon! 2015,3100
331500,Executive Assault,4200
397040,Sphere III: Enchanted World,free game
11560,Maelstrom: The Battle for Earth Begins,2100
265970,Worlds of Magic,5600
3830,Psychonauts,3600
200440,Two Worlds II - Pirates of the Flying Fortress,3600
415700,Endless Legend? - Echoes of Auriga,1500
397050,RPG Tycoon Demo,free game
3838,Psychonauts Original Soundtrack,2100
3839,Psychonauts Original Score,2100
397060,Faeria,9200
265990,Rogue's Tale,2100
3850,BloodRayne 2 Demo,free game
266010,LYNE,1500
331550,Winged Sakura: Mindy's Arc - Soundtrack,2100
200490,Memento Mori,6900
266030,DRAKERZ-Confrontation,free game
331570,Wimp: Who Stole My Pants?,unknown
415710,Endless Legend? - The Lost Tales,1100
3900,Sid Meier's Civilization? IV,6400
200510,XCOM: Enemy Unknown,9500
397120,Star Conflict: Fleet Strength - Loki,7800
397122,Star Conflict: Fleet Strength - Blood Tormentor,6500
397123,Star Conflict: Fleet Strength - Sawtooth,7800
397124,Star Conflict: Fleet Strength - Cutter,7800
397125,Star Conflict: Fleet Strength - Mauler,8800
3910,Sid Meier's Civilization? III Complete,1600
3920,Sid Meier's Pirates!,3200
200530,MAGIX Movie Edit Pro 2013 Plus,unknown
266070,City of Steam: Arkadia,free game
331610,Movie Studio Boss: The Sequel,3600
331620,Anodyne OST,2100
200550,Dungeons - The Dark Lord,6800
266090,Starlite: Astronaut Rescue - Developed in Collaboration with NASA,1500
372030,Starship Rubicon,3600
200570,Blocks That Matter Demo,free game
397180,Command: Northern Inferno,6800
266110,Tower of Guns,4800
200590,Sonic Generations - Casino Nights DLC,600
397200,Deliverance,unknown
266130,Breach & Clear,4800
397210,Kanji Training Game,2100
4000,Garry's Mod,3600
200610,Renegade Ops - Coldstrike Campaign,2100
200620,Renegade Ops - Reinforcement Pack,1500
397230,Paperbound - Official Soundtrack,unknown
200630,Gettysburg: Armored Warfare,3600
397240,Troubles Land,2100
266170,Windforge,unknown
331710,Why So Evil,800
331720,Survivor Squad: Gauntlets,3400
200650,Lightfish Demo,free game
266190,Astral Terra,5500
397270,A Kiss For The Petals - Remembering How We Met,3100
331740,DC Universe Online? - Episode 12: War of the Light Part II,unknown
382970,RISK - The Game of Global Domination,2800
200670,Disciples III - Resurrection,6800
266210,One Way Heroics,1800
295590,Hero Generations,4800
331750,Disney?Pixar WALL-E,6800
331760,Supreme League of Patriots,2500
266230,Last Dream,3600
219136,Painkiller Hell & Damnation: Satan Claus DLC,free game
4100,Poker Superstars II,unknown
4102,Poker Superstars II Demo,free game
397320,CTU: Counter Terrorism Unit,unknown
266250,Procyon,1800
331790,Data Hacker: Reboot,2100
397330,Little Big Adventure - Enhanced Edition,2500
331800,RaceRoom - DTM Experience 2014,6000
397350,Lords of the Realm II,1500
397360,Magician's Apprentice,3600
266290,Helicopter Simulator 2014: Search and Rescue,2800
231458,COH 2 - German Skin: (M) Late War Factory Pattern,1100
397380,Alea Jacta Est: Hannibal Terror of Rome,6800
397381,Alea Jacta Est: Parthian Wars,6800
266310,GameGuru,6800
397390,Space Food Truck,6000
397400,HueBots,unknown
266330,Ethan: Meteor Hunter,3600
415760,Kumoon : VR Expansion Kit 01,2100
397420,Hoyle Official Card Games,3400
331891,Guns and Robots - Terminator Pack,10000
397430,Zoombinis,3600
331900,PAYDAY 2: Gage Historical Pack,1500
397440,Lost Legends: The Weeping Woman Collector's Edition,4800
266370,Calibre 10 Racing,unknown
4230,RACE - The WTCC Game,unknown
4240,RACE - The WTCC Game,unknown
397460,The Jackbox Party Pack 2,7800
266390,Farm for your Life,3600
331930,TerraTech R&D Pack,3600
4260,RACE 07 Demo,free game
266410,iRacing,unknown
397490,Over The Hills And Far Away - Official Soundtrack,1800
200891,Batman Arkham City: Harley Quinn's Revenge,unknown
397500,Labyronia RPG 2,500
266430,Anarchy Arcade,free game
4290,RACE: Caterham Expansion,unknown
200900,Cave Story+,4800
4300,RoboBlitz,unknown
200910,Before the Echo,2100
266450,Conquest of Champions,free game
4310,RoboBlitz Demo,free game
4320,STAR TREK?: D-A-C,unknown
332001,Fantasy Grounds - C&C: A2 Slag Heap,1800
270744,Realm of the Mad God: Agent Skin for the Assassin,unknown
266470,Dark Horizons: Mechanized Corps,4800
332011,Fantasy Grounds - C&C: A4 Usurpers of the Fell Axe,1800
200940,Sonic CD,2100
397550,Deus Ex: Revision,free game
332020,Fantasy Grounds - C&C: A5 The Shattered Horn,1800
266490,Lili: Child of Geos - Complete Edition,3600
332030,Magnetic by Nature OST: Extended Edition,unknown
200960,Geneforge 1,free game
397570,Shmadow,1100
55340,"Warhammer 40,000: Space Marine - Emperor＊s Elite Pack",600
397580,Moonbase 332,2100
266510,Hand of Fate,7800
222618,Train Simulator: East Coast Main Line London-Peterborough Route Add-On,8800
200980,Geneforge 2,free game
200990,Geneforge 3,free game
448560,Mind Games,unknown
332070,School of Dragons,free game
201000,Geneforge 4: Rebellion,free game
361180,DC Universe Online? - Ultimate Edition,unknown
397610,Time Machine Demo,free game
4400,City Life,unknown
201010,Geneforge 5: Overthrow,free game
397620,GooCubelets,800
266550,Spark Rising,1100
4410,City Life Deluxe,unknown
4420,Silverfall,3600
397640,Nulldrifters,1100
201040,Galcon Legends,2100
4440,Silverfall Demo,free game
266590,AGFPPROV3 Premium,5600
201060,Dungeons: The Dark Lord Demo,free game
361190,Sparkle 3 Genesis,2100
397670,Run Run And Die,200
4460,City Life 2008,3600
201070,Revelations 2012,unknown
231468,COH 2 - Soviet Skin: (M) Three Color Leningrad Front,1100
70000,Dino D-Day,3600
4470,Silverfall: Earth Awakening,3600
266620,Line of Defense,3600
201090,Steel Storm: Burning Retribution Demo,free game
397700,Urizen Shadows of the Cold,1800
201100,Post Apocalyptic Mayhem: DLC - Chaos Pack,unknown
4500,S.T.A.L.K.E.R.: Shadow of Chernobyl,6800
397720,Romance of the Three Kingdoms Maker / 弊祩汁弁奈伙,free game
404890,U-Boats,2100
332190,Happy Wars - Customizable Parts A,3400
332191,Happy Wars - Customizable Parts B,3400
201120,Xotic Demo,free game
361200,COAST GUARD,6800
4520,Full Spectrum Warrior,3600
208284,Train Simulator: Class 67 Diamond Jubilee Loco Add-On,1800
397740,Hylics,1500
393970,Burning Man: Beyond Black Rock,1100
4530,Full Spectrum Warrior: Ten Hammers,3600
262900,Smooth Operators,1500
4540,Titan Quest,4800
55370,Saints Row: The Third Initiation Station,free game
4550,Titan Quest - Immortal Throne,4800
397770,Meridian: Age of Invention,1500
4560,Company of Heroes,6800
328440,Deadlock: Planetary Conquest,2800
201170,Astro Tripper Demo,free game
70100,Hacker Evolution,3600
266710,Particulars - Demo,free game
4570,"Warhammer? 40,000: Dawn of War? - Game of the Year Edition",4200
310033,Europa Universalis IV: Catholic League Unit Pack,1100
361210,Axis Game Factory's AGFPRO - Zombie Survival Pack DLC,4800
70110,Hacker Evolution: Untold,unknown
4580,"Warhammer? 40,000: Dawn of War? - Dark Crusade",4200
208294,Train Simulator: Class J94 ＆Memories of Maerdy＊ Loco Add-On,unknown
70120,Hacker Evolution Duality,unknown
393980,Pretty Girls Mahjong Solitaire,4800
266730,Saints Row IV - Gamestop Warped Weapon Challenge,600
4590,Titan Quest Demo,free game
70130,Hacker Evolution - Demo,free game
266740,Magicka: The Ninth Element Novel,2100
4600,Full Pipe,unknown
201210,Pox Nora,free game
70140,Hacker Evolution: Untold - Demo,free game
266750,Neverwinter: Steam Starter Kit,6800
332291,RPG Maker: Sci-Fi Sound Effects,4800
332292,RPG Maker: Sci-Fi Tiles,3600
55382,Saints Row: The Third - The Trouble with Clones DLC,2800
397830,Zxill: A Legend of Time,2800
332300,The Joylancer: Legendary Motor Knight Demo,free game
201230,EverQuest? II Free-To-Play. Your Way.?,free game
397840,Car Mechanic Manager,2100
208302,Train Simulator: Somerset & Dorset Railway Route Add-On,3400
332310,LEGO? Worlds,4800
361220,Football Manager Ruined My Life,unknown
55386,Saints Row: The Third Z Style Pack,1100
208304,Train Simulator: Ruhr-Sieg Route Add-On,3400
397860,Carnivore Land,4200
332330,PixelJunk? Shooter Ultimate,3600
397870,Arcane Sorcery,2800
332340,Frozen Synapse Prime - Soundtrack,2800
55390,Saints Row: The Third Invincible Pack,1500
201270,Total War: SHOGUN 2,8800
201271,Total War: Shogun 2 - Fall of the Samurai,8800
70200,Governor of Poker 2,3600
201273,Total War: Shogun 2 - Fall of the Samurai 每 The Saga Faction Pack,1500
201274,Total War: Shogun 2 - Fall of the Samurai 每 The Obama Faction Pack,1500
201275,Total War: Shogun 2 - Fall of the Samurai 每 The Tsu Faction Pack,1500
201276,Total War: Shogun 2 - Fall of the Samurai 每 The Sendai Faction Pack,1500
201277,Total War: SHOGUN 2 - Dragon War Battle Pack,2500
201279,Total War: SHOGUN 2: Saints and Heroes Unit Pack,1500
70210,Governor of Poker 2 - Premium Edition,6800
332360,Spriter Pro,15800
201290,Sins of a Solar Empire?: Trinity,1700
70220,Governor of Poker 2 - Demo,free game
339384,X-Plane 10 AddOn - Carenado - C340 II,8800
332370,Miko Gakkou Monogatari: Kaede Episode,3400
70230,Governor of Poker 2 - Premium Edition - Demo,free game
266840,Age of Mythology: Extended Edition,8800
55396,Saints Row: The Third - Nyte Blayde Pack,1500
4700,Medieval II: Total War?,6800
273850,Ski-World Simulator,3600
201310,X3: Albion Prelude,3600
397920,Victor Vran: Cauldron of Chaos Dungeon,free game
22630,"Worms Reloaded: The ""Pre-order Forts and Hats"" DLC Pack",1100
397930,Victor Vran: Tome of Souls Weapon,free game
4720,Condemned: Criminal Origins,4800
55400,Saints Row: The Third - Genki Girl Pack,1500
397940,No Time To Live,1100
208318,Train Simulator: PRR Baldwin Centipede Loco Add-On,unknown
208319,Train Simulator: Union Pacific SD45 Loco Add-On,6800
415850,BAD END,1100
397950,Clustertruck,unknown
266880,Forge - Assassin VIP Pack,unknown
397960,Mystery Expedition: Prisoners of Ice,unknown
404930,Official Guide - Epic Quest of the 4 Crystals,1200
397970,Abandoned: Chestnut Lodge Asylum,unknown
4760,Rome: Total War? - Collection,3600
273860,Snowcat Simulator,3100
231478,COH 2 - German Skin: (H) Winter Ambush Pattern,1100
70300,VVVVVV,2100
4770,Rome: Total War? - Alexander,4200
70310,VVVVVV Demo,free game
4780,Medieval II: Total War? Kingdoms,4000
398000,Little Big Adventure 2,1800
266930,Euro Truck Simulator 2 - Ice Cold Paint Jobs Pack,1100
266931,Euro Truck Simulator 2 - Prehistoric Paint Jobs Pack,1100
266940,Alex Hunter - Lord of the Mind Platinum Edition,2800
431680,Nuts!: The Battle of the Bulge,6800
4800,Heroes of Annihilated Empires,unknown
398020,Colony Assault,3100
4810,Heroes of Annihilated Empires Demo,free game
201420,Toki Tori 2+,4800
361250,Strange Space,unknown
4820,Heroes... Multiplayer Demo,free game
201430,Toki Tori 2+ Demo,free game
22650,Alien Breed 2: Assault,3600
266980,The Labyrinth of Time,2500
4850,Cossacks: Back to War,unknown
415870,Statues Demo,free game
398070,Protoshift,1100
4856,Cossacks: Campaign Expansion,unknown
267001,Ragnarok - Winter Wonderbox,8100
332540,We Slay Monsters,2100
70400,Recettear: An Item Shop's Tale,6800
4870,Cossacks: Art of War,unknown
201480,Serious Sam: The Random Encounter,2100
70410,Recettear: An Item Shop's Tale - Demo,free game
4880,Cossacks: European Wars,unknown
201490,Airline Tycoon 2,6800
70420,Chantelise - A Tale of Two Sisters,3600
4890,Cossacks II: Battle for Europe,unknown
70430,Chantelise - A Tale of Two Sisters Demo,free game
4900,Zen of Sudoku,2100
201510,Flatout 3: Chaos & Destruction,8800
4910,Zen of Sudoku Demo,free game
267060,Gravity Badgers,2100
4920,Natural Selection 2,3600
4932,Natural Selection 2,3600
80908,Sanctum Facility Trailer,unknown
398160,Shapes of Gray,2800
332630,The Guilt and the Shadow,3400
398170,Evochron Legacy,7800
201570,Really Big Sky,2100
70500,Diamond Dan,unknown
80776,Universe Sandbox Trailer,unknown
70510,Diamond Dan Demo,free game
361280,Turmoil,3600
398210,BlackShadows,1500
5000,Painkiller Overdose Teaser,unknown
5001,Overlord? Trailer,unknown
5003,Shadowgrounds Survivor Trailer,unknown
5008,Alpha Prime Trailer,unknown
5015,Team Fortress 2: Meet the Heavy (German),unknown
5016,Team Fortress 2: Meet the Heavy (French),unknown
5020,Dawn of War - Soulstorm HD Trailer,unknown
5022,Overlord?: Raising Hell Trailer,unknown
5024,Tom Clancy's Rainbow Six? Vegas 2 Trailer,unknown
5027,Ghost Recon Advanced Warfighter? HD Trailer,unknown
5028,Unreal Tournament 3 HD Trailer,unknown
5030,Assassin's Creed? HD Trailer,unknown
5031,Trackmania Nations Forever Trailer,unknown
5032,Team Fortress 2: Meet the Scout (English),unknown
5033,Team Fortress 2: Meet the Scout (French),unknown
5034,Team Fortress 2: Meet the Scout (German),unknown
5035,Team Fortress 2: Meet the Scout (Russian),unknown
5036,Team Fortress 2: Meet the Scout (Spanish),unknown
5038,Sam & Max: Season 2 Trailer,unknown
5043,Trials 2 Official Trailer,unknown
5044,Trials 2 - Bumps 'n Bruises Trailer,unknown
5045,Trials 2 - Rollin' and Tumblin' Trailer,unknown
5046,Trials 2 - Throttle to the Max Trailer,unknown
5047,Trackmania United Forever Trailer,unknown
5048,GRID? Trailer,unknown
404980,TANE DLC: Chicago North Western GE Dash 9 44CW,4200
5050,Tom Clancy's H.A.W.X - High Altitude Warfare HD Trailer,unknown
5051,Team Fortress 2: Meet the Sniper,unknown
5052,Far Cry? 2 HD Trailer,unknown
5053,Crazy Machines 2 HD Trailer,unknown
5055,Brothers in Arms: Hell's Highway? Trailer 2,unknown
5056,Team Fortress 2: Meet the Sniper (French),unknown
5057,Team Fortress 2: Meet the Sniper (German),unknown
5058,Team Fortress 2: Meet the Soldier (French),unknown
5059,Team Fortress 2: Meet the Soldier (German),unknown
5062,Team Fortress 2: Meet the Sniper (Russian),unknown
5063,Team Fortress 2: Meet the Sniper (Spanish),unknown
398280,Tidal Affair: Before The Storm Demo,free game
5066,Pro Cycling Manager - Le Tour De France 2008 Trailer,unknown
5068,Multiwinia Trailer 1 - Domination,unknown
5069,Red Faction Guerrilla Destruction Trailer,unknown
5076,Far Cry? 2 E3 Gameplay HD Trailer,unknown
5077,Far Cry? 2 Deceiving Enemies Trailer,unknown
5078,Far Cry? 2 HD GamePlay Trailer,unknown
70615,Worms Ultimate Mayhem - Single Player Pack DLC,free game
5080,GTR Evolution Trailer,unknown
5081,Multiwinia Trailer 2 - King of the Hill,unknown
5082,Multiwinia Trailer 3 - Capture the Statue,unknown
5083,Crysis Warhead? HD Trailer,unknown
5084,X3: Terran Conflict - Teaser,unknown
5085,Crysis HD Trailer,unknown
5086,Crysis Wars HD Trailer,unknown
5087,Multiwinia Trailer 4 - Rocket Riot,unknown
5088,Multiwinia Trailer 5 - Blitzkrieg,unknown
5089,The Witcher: Enhanced Edition Trailer,unknown
5090,Team Fortress 2: Meet the Soldier (Russian),unknown
5091,Team Fortress 2: Meet the Demoman (Russian),unknown
5092,Multiwinia Trailer 6 - Assault,unknown
5094,Prince of Persia? HD Trailer,unknown
5095,STCC - The Game Teaser,unknown
5096,City Life 2008 Trailer,unknown
5097,STCC - The Game Promo Trailer,unknown
5098,Shaun White Snowboarding Trailer,unknown
5100,Project Aftermath Video,unknown
5102,Pyroblazer? Trailer 2,unknown
5103,Xpand Rally Xtreme Trailer,unknown
70640,Worms,3100
5105,Age of Booty? Trailer,unknown
5107,MotoGP? 08 Trailer,unknown
5108,Pyroblazer? Trailer 1,unknown
5109,D.I.P.R.I.P. Warm Up Trailer,unknown
332790,Darkness Assault,1000
5111,Galactic Bowling HD Trailer,unknown
5112,Team Fortress 2: Meet the Engineer (Russian),unknown
33620,Crash Time 3,3600
5117,Fallout 3 Official Trailer,unknown
5118,Fallout 3 Teaser Video,unknown
5119,Fallout 3 Gameplay Video: 1 of 5,unknown
5120,Fallout 3 Gameplay Video: 2 of 5,unknown
5121,Fallout 3 Gameplay Video: 3 of 5,unknown
5122,Fallout 3 Gameplay Video: 4 of 5,unknown
5123,Fallout 3 Gameplay Video: 5 of 5,unknown
5124,Far Cry? 2 - Anything Goes,unknown
5125,Far Cry? 2 - Whos Who,unknown
5126,Space Trader Trailer,unknown
5127,X3: Terran Conflict - Intro Trailer,unknown
5128,X3: Terran Conflict - Think Trailer,unknown
5129,X3: Terran Conflict - Think Trailer (German),unknown
5130,X3: Terran Conflict - Trade Trailer,unknown
5131,X3: Terran Conflict - Trade Trailer (German),unknown
5132,Red Faction Guerrilla Multiplayer Gameplay Trailer,unknown
5135,Tomb Raider: Underworld - Mexico Gameplay Trailer,unknown
5137,Multiwinia Official Trailer,unknown
5138,Left 4 Dead TV Spot 1 - 1080p,unknown
5139,Left 4 Dead TV Spot 1 - 720p,unknown
5140,X3: Terran Conflict - Build Trailer,unknown
5141,Left 4 Dead Intro (English),unknown
5142,Left 4 Dead Intro (French),unknown
5143,Left 4 Dead Intro (German),unknown
5144,Left 4 Dead Intro (Russian),unknown
5145,Left 4 Dead Intro (Spanish),unknown
5146,"Precipice of Darkness, Episode Two Trailer",unknown
5147,Call of Duty: World at War Trailer,unknown
5149,Left 4 Dead TV Spot 2 - 720p,unknown
5150,Left 4 Dead TV Spot 2 - 1080p,unknown
5153,Defense Grid: The Awakening Trailer,unknown
5157,Prince of Persia? Launch Trailer,unknown
5159,Mass Effect HD Trailer,unknown
5160,Command and Conquer: Red Alert 3 HD Trailer 1,unknown
5161,Need for Speed Undercover HD Trailer,unknown
5162,Mirror's Edge? HD Trailer,unknown
5163,Dead Space HD Trailer,unknown
5165,Company of Heroes: Tales of Valor Trailer,unknown
5166,Aquaria Trailer,unknown
5167,Strong Bad Episode 5: 8-Bit Is Enough Trailer,unknown
5168,Strong Bad Episode 3: Baddest of the Bands Trailer,unknown
5169,Strong Bad Episode 4: Dangeresque 3 Trailer,unknown
5170,Strong Bad Episode 2: Strong Badia the Free Trailer,unknown
5175,F.E.A.R.2: Project Origin Movie: Alma,unknown
5177,Command and Conquer: Red Alert 3 HD Trailer 2,unknown
5179,EverQuest? Seeds of Destruction? Trailer,unknown
5180,EverQuest? II Rise of Kunark? Starter Pack Trailer,unknown
5190,Grand Ages: Rome Trailer,unknown
5191,Ceville Trailer,unknown
5192,The Maw Video,unknown
5193,Tom Clancy's EndWar? HD Trailer,unknown
5194,The Maw: Brute Force Trailer,unknown
5195,Tom Clancy's EndWar? HD Launch Trailer,unknown
5196,World In Conflict: Soviet Assault Trailer,unknown
5204,Unreal Tournament 3 Titan Trailer,unknown
5205,Zeno Clash Video,unknown
5206,EVE Online: I Was There,unknown
5208,Wallace & Gromit Episode 1 Teaser,unknown
5209,The Path Trailer,unknown
5210,Grey's Anatomy Trailer,unknown
5211,Caster Launch Trailer,unknown
5213,The Maw: River Redirect Trailer,unknown
5214,Drakensang HD Trailer,unknown
5216,Far Cry 2 Fortunes Pack Trailer,unknown
5217,Obulis Trailer,unknown
5218,Osmos Trailer,unknown
5219,Flock! Trailer 1,unknown
5220,Flock! Trailer 2,unknown
5223,R.U.S.E? Trailer,unknown
398440,Stones of Sorrow Demo,free game
5227,Battlestations Pacific Trailer,unknown
370580,Sinister City - Soundtrack,free game
5231,F.E.A.R.2: Project Origin - Toy Soldiers Map Trailer,unknown
5232,R.U.S.E? Walkthrough Video 1 - Radio Silence,unknown
5234,Grand Ages: Rome City Building Video,unknown
5235,Guild Wars Factions? Trailer,unknown
5236,Guild Wars Nightfall? Trailer,unknown
5238,Red Faction Guerrilla Tools of Destruction Video 1,unknown
5239,Red Faction Guerrilla Tools of Destruction Video 2,unknown
5240,Red Faction Guerrilla Tools of Destruction Video 3,unknown
5241,Red Faction Guerrilla Tools of Destruction Video 4,unknown
5244,Hearts of Iron III Trailer,unknown
5249,Call of Juarez Bound in Blood Story Trailer,unknown
5250,Red Faction Guerrilla - Developer Diary,unknown
5251,NecroVision Trailer,unknown
5253,Call of Duty: World at War - Map Pack,unknown
5254,Call of Duty: World at War - Verruckt,unknown
5255,Call of Duty: World at War - Zombies,unknown
5256,Damnation - Steam Punk Trailer,unknown
5257,Damnation - Levels & Environments,unknown
5258,Damnation - All About the Moves,unknown
5259,Red Faction: Guerrilla Tactics Trailer,unknown
5260,Team Fortress 2: Meet the Spy,unknown
5261,ARMA II Trailer,unknown
201870,Assassin's Creed? Revelations,6800
5263,Prototype? Story Trailer,unknown
398480,Louie Cooks,unknown
5265,Red Faction Guerrilla Tools of Destruction Video 6,unknown
5266,Red Faction Guerrilla Story,unknown
5267,Red Faction Guerrilla Storyline Video,unknown
5268,Left 4 Dead 2 Teaser,unknown
201877,Assassin's Creed Revelations - The Ancestors Character Pack,1600
201881,Assassin's Creed? Revelations - Mediterranean Traveler Map Pack,4800
201882,Assassin's Creed? Revelations - The Lost Archive,4800
5275,America's Army 3: Teaser Trailer,unknown
5280,Global Agenda - No Elves,unknown
5281,Mini Ninjas E3 Trailer,unknown
5283,Just Cause 2 Trailer,unknown
5285,Rogue Warrior Trailer,unknown
5286,The Elder Scrolls IV: Oblivion? Game of the Year Edition Trailer,unknown
5288,Prototype Launch Trailer,unknown
5289,Prototype Intro,unknown
5290,America's Army 3: Trailer,unknown
5293,ARMA II USMC Trailer,unknown
5294,ARMA II Russian Armed Forces Trailer,unknown
5295,ARMA II Citizens Trailer,unknown
267440,MAGIX Movie Edit Pro 2014 Plus,unknown
5297,Call of Juarez 2 Brothers Trailer,unknown
5300,Trine Teaser Trailer,unknown
5301,Trine Trailer,unknown
5303,Tales of Monkey Island Trailer,unknown
5304,Droplitz Gameplay Trailer,unknown
5305,Team Fortress 2: Meet the Spy (Russian),unknown
398530,Ghost Cleaner,2500
5315,X3: Terran Conflict 2.0 Trailer,unknown
5316,Anno 1404 Trailer,unknown
5317,Anno 1404 Mood Trailer,unknown
5319,Batman: Arkham Asylum Combat Trailer,unknown
5320,Batman: Arkham Asylum Invisible Predator Trailer,unknown
5321,Batman: Arkham Asylum Joker Trailer,unknown
5322,Divinity 2: Ego Draconis Trailer 1 (English),unknown
5323,Divinity 2: Ego Draconis Trailer 1 (German),unknown
5324,Divinity 2: Ego Draconis Trailer 2 (English),unknown
5325,Divinity 2: Ego Draconis Trailer 2 (German),unknown
5326,Divinity 2: Ego Draconis Trailer 3 (English),unknown
5327,Divinity 2: Ego Draconis Trailer 3 (German),unknown
5329,Foreign Legion: Buckets of Blood Trailer,unknown
5330,Cricket Revolution Gameplay Trailer,unknown
5331,Cricket Revolution Trailer,unknown
5337,Darkest of Days Time Periods,unknown
5338,Darkest of Days Instructional Trailer,unknown
5339,Darkest of Days Trailer,unknown
5340,Section 8 Teaser Trailer,unknown
5341,Trine Trailer 4,unknown
5342,R.U.S.E. E3 Demo Part 1,unknown
267490,Batman?: Arkham Origins Blackgate - Deluxe Edition,6800
5360,Mini Ninjas - Suzume Gameplay Trailer (EU),unknown
5367,Heroes Over Europe - Ace Kill Trailer,unknown
5369,Call of Juarez Bound in Blood - Feature Trailer,unknown
5370,Heroes Over Europe - Environments Trailer,unknown
5371,Heroes Over Europe - Planes Trailer,unknown
5374,World of Zoo Trailer,unknown
5376,Mini Ninjas - Kunoichi Trailer (EU),unknown
5378,Mini Ninjas - Launch Trailer,unknown
398600,Stray Cat Crossing Demo,free game
5386,Batman: Arkham Asylum Launch Trailer (EU),unknown
5388,Heroes Over Europe - Multiplayer Trailer,unknown
5395,Risen Trailer,unknown
5409,Call of Duty?: Modern Warfare? 2 Reveal Trailer,unknown
5410,Call of Duty?: Modern Warfare? 2 Multiplayer Trailer,unknown
5411,Call of Duty?: Modern Warfare? 2 Gameplay Trailer,unknown
361350,Skyhook,2100
5414,Need for Speed: Shift Trailer,unknown
5415,Command and Conquer Red Alert 3: Uprising Trailer,unknown
5416,Medal of Honor: Airborne Trailer,unknown
5419,Tom Clancy's Splinter Cell Conviction - Numbers Trailer,unknown
5420,Dreamkiller Trailer,unknown
5422,Borderlands Trailer,unknown
5424,Metal Drift Trailer,unknown
5426,Cities XL Gameplay Trailer,unknown
5427,Operation Flashpoint: Dragon Rising Weapons Trailer,unknown
5428,Operation Flashpoint: Dragon Rising Multiplayer Trailer,unknown
5430,RACE On Trailer,unknown
5435,Ninja Blade Trailer,unknown
333120,Inside The Gear,2100
5445,Dragon Age: Origins Wardens Calling Trailer,unknown
5446,Dragon Age: Origins Grey Wardens Trailer,unknown
5447,Dragon Age: Origins Stone Prisoner Trailer,unknown
5449,Dragon Age: Origins Blood Dragon Armor Trailer,unknown
5451,Dragon Age: Origins Sacred Ashes Trailer,unknown
5453,AI War Trailer,unknown
5455,Massive Assault Network 2 Trailer,unknown
5456,Massive Assault: Phantom Renaissance Trailer,unknown
271944,DARK SOULS? II Crown of the Ivory King,6200
5459,Dangerous High School Girls in Trouble HD Trailer,unknown
5460,R.U.S.E.? - Pump Fake Strategy Trailer,unknown
5461,Torchlight Alchemist Trailer,unknown
5462,Torchlight Vanquisher Trailer,unknown
5463,Torchlight Destroyer Trailer,unknown
71000,Evochron Mercenary,6800
267610,Woodcutter Simulator 2013,3600
5467,Aztaka Trailer,unknown
5468,Men of War Red Tide Trailer,unknown
5470,Call of Duty?: Modern Warfare? 2 Infamy Trailer,unknown
5471,Raid on Moondust Trailer,unknown
5472,Zombie Bowl-o-Rama Trailer,unknown
5473,Defence Alliance 2 Trailer,unknown
5475,Serious Sam HD Movie 2,unknown
5478,Command and Conquer 3: Tiberium Wars Trailer,unknown
5481,Command and Conquer 3: Kane's Wrath Trailer,unknown
202090,Magicka: Wizard Wars,free game
5483,Shattered Horizon Soundtrack Trailer,unknown
5488,Devil May Cry 4 Trailer,unknown
5489,Left 4 Dead 2 - TV Spot 2,unknown
333170,Awesomenauts - Loninator Skin,2100
5492,Just Cause 2 No Ordinary Trailer,unknown
5494,King Arthur Trailer,unknown
5495,Altitude Trailer,unknown
263060,Blockstorm,2800
5500,Shattered Horizon Silent Running Trailer,unknown
267650,Android Exporter for Clickteam Fusion 2.5,24800
5507,Blood Bowl Trailer,unknown
267652,HTML5 Exporter for Clickteam Fusion 2.5,18200
267653,Flash Exporter for Clickteam Fusion 2.5,18200
5513,Star Trek Online Gameplay Trailer,unknown
5515,Borderlands Zombie Island Trailer,unknown
267660,Finding Teddy Soundtrack,unknown
5518,Mass Effect 2 Trailer,unknown
333200,Movie Studio Boss: The Sequel Demo,free game
5521,Virtua Tennis 2009 Final Trailer,unknown
5522,Fallout 3 Operation Achorage Trailer,unknown
5523,Fallout 3 Broken Steel Trailer,unknown
5524,Fallout 3 Mothership Zeta Trailer,unknown
5525,Fallout 3 Point Lookout Trailer,unknown
267670,Realms of Arkania 1 - Blade of Destiny Classic,1800
5529,Everquest Underfoot Trailer,unknown
5530,America's Army 3 Full Trailer,unknown
5531,America's Army 3 Authenticity Trailer,unknown
5532,America's Army 3 Basic Combat Training Trailer,unknown
5533,America's Army 3 New Features Trailer,unknown
5534,America's Army 3 Technology Trailer,unknown
5535,Just Cause 2 The Laws of Physics,unknown
267680,US Diesel Locomotives - Set 1,4500
5537,Europa Universalis III: Heir to the Throne Trailer,unknown
5538,ARMA II Eagle Wing Trailer,unknown
5539,Kane & Lynch 2 Trailer,unknown
333220,Cherry Tree High I! My! Girls!,1800
5541,Zero Gear Trailer,unknown
5544,Foreign Legion Buckets of Blood Gameplay Trailer,unknown
394140,Sound Shift,1500
5546,James Cameron's Avatar?: The Game - Launch Trailer,unknown
5547,Tom Clancys Splinter Cell Conviction - Co-op Trailer,unknown
5549,Just Cause 2 An Island In Chaos Trailer,unknown
5551,Dark Void Trailer,unknown
5552,Supreme Commander 2 Trailer,unknown
5553,Greed: Black Border Trailer,unknown
5561,Battlefield Bad Company 2 Squad Story Trailer,unknown
5562,AI War: The Zenith Remnant Trailer,unknown
5563,Greed: Black Border Gameplay Trailer,unknown
5564,LEGO? Indiana Jones? 2 Trailer,unknown
5565,Battlefield Bad Company 2 Limited Edition Unlocks Trailer,unknown
5566,Battlefield Bad Company 2 E3 Trailer,unknown
5567,Battlefield Bad Company 2 Moments Episode 3 Panama Canal,unknown
5570,Aliens vs. Predator Classic 2000 Trailer,unknown
5573,Nancy Drew?: Warnings at Waverly Academy Trailer,unknown
71110,ESWAT?: City Under Siege,1500
71111,Flicky?,1500
71112,Golden Axe? II,1500
71113,Sonic the Hedgehog,2100
71114,Sword of Vermilion?,1500
5579,Mass Effect 2 Launch Trailer,unknown
5580,EverQuest? II Sentinel's Fate Trailer,unknown
71117,Gunstar Heroes,1500
71118,Landstalker: The Treasures of King Nole,1500
71119,Light Crusader,1500
71120,Shining Force,1500
267730,Ground Pounders,4200
5588,Star Wolves 3: Civil War Trailer,unknown
5589,Aliens vs. Predator Story Trailer,unknown
5593,Metro 2033 Trailer,unknown
5595,Order of War: Challenge ESRB Trailer,unknown
5596,Cake Mania Main Street Trailer,unknown
5597,Westward IV Trailer,unknown
5598,Iron Roses Trailer,unknown
5600,Metro 2033 Third Trailer,unknown
5601,Front Mission Evolved Trailer,unknown
5604,Shattered Horizon Moonrise Trailer,unknown
5605,Shatter Trailer,unknown
267750,Shadowrun Chronicles - Boston Lockdown,6800
5608,Supreme Commander 2 Colossus Trailer,unknown
333290,Mos Speedrun 2,unknown
5611,Supreme Commander 2 Bomb Bouncer Trailer,unknown
5612,Supreme Commander 2 AC1000 Trailer,unknown
263080,Pixel Boy and the Ever Expanding Dungeon,2100
5619,Splinter Cell Conviction Story Trailer,unknown
5620,Settlers 7 Economy Tutorial Trailer,unknown
5621,Settlers 7 Victory Points Trailer,unknown
5622,Just Cause 2 Freedom and Chaos Trailer,unknown
71160,Shining Force II,1500
71161,Shining in the Darkness,1500
71162,Sonic 3 and Knuckles,2100
5627,Just Cause 2 Demo Trailer,unknown
5628,Metro 2033 Ghosts of the Metro Trailer,unknown
71165,Streets of Rage 2,1500
71166,ToeJam & Earl,2100
71167,ToeJam & Earl in Panic on Funkotron,2100
5632,Prince of Persia: The Forgotten Sands? - Gameplay Reveal Trailer,unknown
267778,Talisman - Character Pack #9 - Shape Shifter,1100
5635,Sol Survivor Trailer,unknown
267780,Talisman - The Highland Expansion,2800
267781,Talisman - The Sacred Pool Expansion,2100
267782,Talisman - Character Pack #10 - Shaman,1100
267783,Talisman - Character Pack #11 - Illusionist,1100
267784,Talisman - The City Expansion,2800
267785,Talisman - Character Pack #12 - Jester,1100
5642,Batman Game of the Year Edition Trailer,unknown
5643,Sam & Max: The Devil＊s Playhouse Trailer,unknown
398860,STASIS Deluxe Edition Upgrade,4800
5646,Dark Void Zero Trailer,unknown
5647,Order of War: Challenge Teaser Trailer,unknown
5648,Serious Sam HD: The Second Encounter Announcement Video,unknown
5649,The Misadventures of P.B. Winterbottom Trailer,unknown
5650,Lead and Gold Launch Trailer,unknown
5651,Lead and Gold Trapper Trailer,unknown
5652,Supreme Commander 2 Flowfield Trailer,unknown
5653,Supreme Commander 2 Multiplayer Trailer,unknown
5654,Supreme Commander 2 Story Final Trailer,unknown
5655,Supreme Commander 2 Tech and Strategy Trailer,unknown
5656,Grand Theft Auto: Episodes from Liberty City Trailer ,unknown
5658,Splinter Cell Conviction Multiplayer Part 3,unknown
5659,Splinter Cell Conviction Multiplayer Part 2,unknown
5660,Splinter Cell Conviction Multiplayer Part 1,unknown
5661,Prince of Persia: The Forgotten Sands? Gameplay Trailer,unknown
5663,Wings of Luftwaffe Trailer,unknown
5664,ArmA II CDF Trailer,unknown
5665,ARMA II NAPA Trailer,unknown
267810,Clickteam Fusion 2.5 Developer Upgrade,74800
5667,Rise of Prussia Trailer,unknown
333350,Cults and Daggers,8800
5674,AquaNox Trailer,unknown
5675,AquaNox 2 Trailer,unknown
5681,The Whispered World Trailer,unknown
5682,Booster Trooper Trailer,unknown
398900,Fjall,1500
267830,Liquid Rhythm Collection,3800
5687,Altitude Gameplay Trailer,unknown
5688,Serious Sam HD: The Second Encounter Launch Video,unknown
5689,Serious Sam HD: The Second Encounter - House of Sam Video,unknown
5690,Sid Meier's Civilization? V Teaser,unknown
71230,Crazy Taxi,3100
5695,F.E.A.R. - Teaser ,unknown
5696,Iron Grip Warlord Trailer,unknown
5697,Prince of Persia: The Forgotten Sands? Opening Cinematic,unknown
5698,Max and the Magic Marker Trailer 1,unknown
333380,SilverQuest: Gaiden,2500
5701,Chrome - SpecForce Trailer 1,unknown
5703,Star Gate Resistance,unknown
398920,Tisnart Tiles,2500
5706,Flight of the Icarus Trailer,unknown
333390,Tales of Aravorn: Seasons Of The Wolf,7800
5712,Gratuitous Space Battles: The Swarm trailer,unknown
5713,Super Meat Boy Trailer 2,unknown
5714,Sniper: Ghost Warrior Trailer (Multiplayer),unknown
5715,Prince of Persia: The Forgotten Sands? Launch Trailer,unknown
5716,Sniper: Ghost Warrior Trailer (Headshot),unknown
5718,Lara Croft: Guardian of Light Trailer,unknown
5721,Napoleon: Total War - Peninsular Campaign Trailer,unknown
5722,Alien Swarm Launch Video,unknown
71260,Space Channel 5: Part 2,3100
5728,ARMA II - Operation Arrowhead Trailer,unknown
5729,Ziro Trailer,unknown
5730,eversion Trailer,unknown
5731,Jolly Rover Trailer,unknown
5732,Hearts of Iron III: Semper Fi Trailer,unknown
71270,Football Manager 2012,unknown
5735,Alien Breed?: Impact Trailer,unknown
267880,Velocity?Ultra - Soundtrack,2100
263100,9.03m,600
5738,Fallout New Vegas E3 2010 trailer,unknown
5740,Homefront Teaser trailer,unknown
5741,Homefront Back Story trailer,unknown
5742,Puzzle Dimension trailer,unknown
5743,Red Faction: Armageddon Trailer,unknown
5744,Kane & Lynch 2: Arcade Mode English (PEGI),unknown
5745,Kane & Lynch 2: Arcade Mode (FR),unknown
267890,Bridge It Demo,free game
5747,Kane & Lynch 2: Arcade Mode (IT),unknown
5748,Kane & Lynch 2 Arcade Mode (ES),unknown
5750,Kane & Lynch 2: Cops & Robbers Mode English (PEGI),unknown
5751,Kane & Lynch 2: Cops & Robbers Mode (FR),unknown
5752,Kane & Lynch 2: Cops & Robbers Mode (IT),unknown
5753,Kane & Lynch 2: Cops & Robbers Mode (ES),unknown
5755,Kane & Lynch 2: Cops & Robbers Mode (DE),unknown
267900,Guilty Gear Isuka,3600
5757,Kane & Lynch 2: Fragile Alliance Mode (FR),unknown
5758,Kane & Lynch 2: Fragile Alliance Mode (DE),unknown
5759,Kane & Lynch 2: Fragile Alliance Mode (IT),unknown
5760,Kane & Lynch 2: Fragile Alliance Mode (ES),unknown
5762,Kane & Lynch 2: She'd Be Worth It English (PEGI),unknown
5763,Kane & Lynch 2: She'd Be Worth It (FR),unknown
5764,Kane & Lynch 2: She'd Be Worth It (DE),unknown
5765,Kane & Lynch 2: She'd Be Worth It (IT),unknown
5766,Kane & Lynch 2: She'd Be Worth It (RU),unknown
5767,Kane & Lynch 2: She'd Be Worth It (ES),unknown
5769,Kane & Lynch 2: Undercover Cop Mode (FR),unknown
5770,Kane & Lynch 2: Undercover Cop Mode (DE),unknown
5771,Kane & Lynch 2: Undercover Cop Mode (IT),unknown
5772,Kane & Lynch 2: Undercover Cop Mode (ES),unknown
5774,Kane & Lynch 2: Undercover Cop Mode Engish (PEGI),unknown
5775,Transformers Reveal Trailer,unknown
267920,Gun Metal,3600
5779,Razor2: Hidden Skies Trailer,unknown
333460,BlazBlue: Continuum Shift Extend - Japanese Voice Pack,unknown
5781,The Guild 2 Pirates Video,unknown
5782,The Guild 2 Video,unknown
5783,The Guild 2 Pirates New Features Video,unknown
5785,X3 Terran Conflict Trailer 2.6,unknown
5786,Portal 2 E3 Demo (Wheatley),unknown
5787,Portal 2 E3 Demo (Excursion Funnels),unknown
5788,Portal 2 E3 Demo (Faith Plates),unknown
5789,Portal 2 E3 Demo (Thermal Discouragement Beams),unknown
5791,Portal 2 E3 Demo (Repulsion Gel),unknown
5793,Alien Breed?: Impact Co-op Trailer,unknown
399010,Without Within 2 Demo,free game
5795,Portal 2 E3 Demo (Propulsion Gel),unknown
5796,Sacraboar Trailer,unknown
5797,Sniper: Ghost Warrior - Basic Tactics,unknown
5798,Puzzle Agent Trailer,unknown
5799,Front Mission Evolved E3 2010 Trailer,unknown
5802,NASA Moonbase Alpha Trailer,unknown
5803,Darwinia trailer,unknown
5804,4 Elements Movie,unknown
399021,Without Within 2 - Digital artbook,1500
5806,DCS: Black Shark Trailer,unknown
5807,DCS: Black Shark Trailer Overview,unknown
5808,Disciples III - Renaissance Trailer,unknown
5809,Future Wars Trailer,unknown
5811,Rhythm Zone Trailer,unknown
5814,ArcaniA Trailer,unknown
5815,Chaser Trailer,unknown
5817,Medal of Honor - Limited Edition,unknown
5818,Medal of Honor - Wolf,unknown
5819,Medal of Honor - Missions,unknown
333500,App Game Kit 2 Demo,free game
5822,MOH - E3 Trailer,unknown
5823,Tidalis Launch Trailer,unknown
399040,Legends of Solitaire: Curse of the Dragons,3400
5825,Alien Swarm Gameplay Video,unknown
5829,Global Agenda - Mashup Trailer,unknown
333510,Isbarah,4500
5831,Greed Final Trailer,unknown
5833,The Guild II Renaissance Trailer,unknown
267980,Hostile Waters: Antaeus Rising,3600
5837,Mafia II - Boom Boom,unknown
5838,Mafia II - E3 Trailer,unknown
5839,Worms Reloaded Trailer,unknown
333520,Fantasy Grounds - Deadlands Reloaded: Blood Drive 3,2100
5841,DC Universe Online - E3 Trailer,unknown
5842,Trainz 2010 Trailer,unknown
5844,Deus Ex: Human Revolution Trailer,unknown
202454,Crazy Machines 2 - Invaders from Space,1500
5852,Alter Ego Trailer,unknown
5854,K&L2: Focus on the Job (PEGI) (EN),unknown
5856,K&L2: Focus on the Job (FR),unknown
263120,Ludwig,3600
5858,K&L2: Focus on the Job (ES),unknown
5859,K&L2: Focus on the Job (DE),unknown
333540,Neocolonialism,1800
5862,K&L2: You Think You Can Kill Me? (PEGI) (EN),unknown
5865,K&L2: Pensate di farmi fuori? (IT),unknown
5866,K&L2: ??Cre谷is que pod谷is matarme?! (ES),unknown
5867,K&L2: Vous croyez que vous pouvez me tuer? (FR),unknown
5869,Puzzle Quest 2 Trailer,unknown
5870,Dungeon Siege III Trailer,unknown
5872,Tom Clancy's H.A.W.X. 2 Trailer,unknown
5877,K&L2: Gaming's Most Notorious Criminals (ES),unknown
