Vanguard Princess,21.0
Counter-Strike,36.0
Team Fortress Classic,21.0
Sir! I'd Like To Report A Bug!,0
Day of Defeat,21.0
Deathmatch Classic,21.0
Zombeer,36.0
Half-Life: Opposing Force,21.0
TSIOQUE Demo,0
Ricochet,21.0
Last Knight: Rogue Rider Edition,31.0
Half-Life,36.0
Motorhead,21.0
Counter-Strike: Condition Zero,36.0
99 Spirits - Weeping Demon's Bell,21.0
Codename Gordon,0
SUGURI,25.0
Counter-Strike: Condition Zero,36.0
Typing Instructor Platinum 21,88.0
Typing Instructor for Kids Platinum 5,68.0
Jets'n'Guns Gold,28.0
Professor Teaches Photoshop Creative Cloud,0
Half-Life: Blue Shift,21.0
Shu's Garden,21.0
Dungeons 2,112.0
Counter-Strike Beta,0
Tsukumogami,88.0
Squad,168.0
Cat Simulator,15.0
Nova-111: Original Soundtrack,21.0
World of Soccer online,0
Hurtworld,78.0
Marvel Heroes 2015 - Loki Pack,68.0
Marvel Heroes 2015 - Hawkeye Hero Pack,36.0
Marvel Heroes 2015 - Cable Hero Pack,0
Half-Life 2: Demo,0
Half-Life 2,36.0
Counter-Strike: Source,68.0
Crazy Pixel Streaker,0
Cloudbuilt,68.0
3DMark Sky Diver benchmark,0
World of Guns: Gun Disassembly,0
Half-Life: Source,36.0
Fran Bow Demo,0
Circa Infinity Original Soundtrack,31.0
Day of Defeat: Source,36.0
Dead Man's Draw,28.0
Half-Life 2: Deathmatch,21.0
TNN Motorsports Hardcore TR,0
Rollers of the Realm,63.0
The Journey Back,11.0
Half-Life 2: Lost Coast,112.0
Borderless Gaming - Donation #1,0
Manga Maker Comipo,133.0
Half-Life Deathmatch: Source,36.0
Half-Life 2: Episode One,31.0
Robot Exploration Squad,21.0
ROOT,36.0
Portal,36.0
Gunman Clive,11.0
Portal: First Slice,0
The Bug Butcher Demo,0
Half-Life 2: Episode Two,31.0
Gathering Sky - Original Soundtrack,21.0
RFLEX - The Awesome Soundtrack,6.0
Team Fortress 2,0
Streamline,15.0
Chuck's Challenge 3D,18.0
Liquid Rhythm,19.0
Audials Radiotracker 12 - Upgrade to Audials One Suite,100.0
Audials Moviebox 12 - Upgrade to Audials One Suite,112.0
Tom vs. The Armies of Hell,0
Audials Tunebite 12 - Upgrade to Platinum,48.0
Left 4 Dead,68.0
Audials Tunebite 12 - Upgrade to Audials One Suite,112.0
RaySupreme 3D,0
MegaSphere Demo,0
Synchrom,36.0
Little Racers STREET,31.0
Left 4 Dead 2,68.0
GoD Factory: Wingmen,68.0
Magicka 2: Three Cardinals Robe Pack,21.0
Portal 2,68.0
Freedom Fall,36.0
Alien Swarm,0
Our Darker Purpose,48.0
Portal 2,68.0
Crimsonland,45.0
Spec Ops Pack,31.0
Auto Dealership Tycoon,25.0
The Journey Down: Chapter Two,38.0
Recovery Search & Rescue Simulation,48.0
Counter-Strike: Global Offensive,48.0
Get Over Here,36.0
Goodbye Deponia Demo,0
Counter-Strike: Global Offensive - SDK,0
Kaiju-A-GoGo: Plant Zombie Shrubby Skin,6.0
Super Chain Crusher Horizon,0
Broken Sword 5 - the Serpent's Curse,78.0
Trigonarium,0
Castle In The Darkness,25.0
AIPD - Soundtrack,21.0
Beach Bounce - Soundtrack,15.0
C-RUSH,0
Undefeated - Deluxe Contents,21.0
Bounty Train - Trainium Edition,109.0
STARWHAL,40.0
Bot Colony,0
Zombie Movie,0
Day of Defeat: Prelude to Victory,0
Dangerous Waters Trailer,0
Half-Life 2 Trailer,0
Half-Life 2: Episode One Trailer,0
Rag Doll Kung Fu Trailer,0
Red Orchestra Trailer,0
Shadowgrounds Trailer,0
SiN Episode 1: Emergence Trailer,0
HL2:EP1 Launch Teaser 1,0
HL2:EP1 Launch Teaser 2,0
HL2:EP1 Launch Teaser 3,0
HL2:EP1 Launch Teaser 4,0
Half-Life 2: Episode Two Trailer,0
Day of Defeat: Jagd Trailer,0
Day of Defeat: Colmar Trailer,0
Portal Trailer,0
Team Fortress 2 Trailer,0
Red Orchestra Infantry Tutorial,0
Red Orchestra Vehicle Tutorial,0
Red Orchestra Lyes Krovy Trailer,0
GTI Racing Trailer,0
Uplink Trailer,0
Half-Life 2: Episode Two Trailer 2,0
Team Fortress 2 Trailer 2,0
HL2:EP2 Gameplay Video 1,0
HL2:EP2 Gameplay Video 2,0
HL2:EP2 Gameplay Video 3,0
HL2:EP2 Gameplay Video 4,0
HL2:EP2 Gameplay Video 5,0
Red Orchestra Fall Update Trailer,0
Heroes of Annihilated Empires Trailer,0
X3: Reunion 2.0 Trailer,0
Gumboy Trailer,0
Eets Trailer,0
Silverfall Trailer,0
Joint Task Force Trailer,0
Hitman: Blood Money Trailer,0
Just Cause Trailer,0
TrackMania United Trailer,0
"Runaway, The Dream of the Turtle Trailer",0
Battlestations: Midway Trailer,0
Project: Snowblind Trailer,0
Team Fortress 2: Meet the Heavy,0
Red Orchestra June '07 Update Trailer,0
TrackMania United Webisode 1,0
TrackMania United Webisode 2,0
TrackMania United Webisode 3,0
TrackMania United Webisode 4,0
TrackMania United Webisode 5,0
Sam & Max: Season 1 Trailer,0
Lost Planet Trailer,0
Kane & Lynch HD Trailer 2,0
Kane & Lynch HD Trailer,0
ThreadSpace: Hyperbol Trailer,0
Titan Quest - Immortal Throne Trailer,0
Gish Trailer,0
Team Fortress 2: Meet the Soldier (English),0
RACE 07 Trailer,0
Team Fortress 2: Meet the Engineer,0
Kane & Lynch HD Trailer 3,0
Loki HD Trailer,0
Company of Heroes: Opposing Fronts Trailer,0
Team Fortress 2: Meet the Heavy (Russian),0
The Orange Box Commercial,0
Team Fortress 2: Meet the Demoman,0
Call of Duty 4 HD Trailer,0
Painkiller Overdose Trailer,0
Rag Doll Kung Fu,0
Rag Doll Kung Fu Demo,0
Last Horizon,21.0
Noximilian the Clockmaker,12.0
Squirt's Adventure,0
Dance Magic,36.0
Country Tales,0
Signs of Life,36.0
Dark Heritage: Guardians of Hope,36.0
Tennis in the Face,21.0
Punch Club,36.0
Crusader Kings II: Conclave,48.0
Crusader Kings II: Conclave Content Pack,21.0
Valhalla Hills: Two-Horned Helmet Edition,0
Bulb Boy Demo,0
Hearts of Iron IV,0
Golden Rush - Premium 1 year,0
BlazBlue: Calamity Trigger,36.0
Daydreamer,38.0
Saturday Morning RPG,28.0
Three Digits - Soundtrack,28.0
Golden Rush - Paladin Hero,0
Continue?9876543210,0
Red Orchestra: Ostfront 41-45,36.0
Golden Rush - Assassin Hero,0
Golden Rush - Witch Hero,0
Golden Rush - Barbarian's Full Set of Artifacts,0
Dimension Drive,0
3089 -- Futuristic Action RPG,28.0
Mare Nostrum,0
"Warhammer 40,000: Deathwatch - Enhanced Edition",78.0
Driftmoon,48.0
Killing Floor,68.0
Killing Floor Outbreak Character Pack,31.0
Killing Floor: Nightfall Character Pack,31.0
Ringies,18.0
Probably Archery,21.0
Darkest Hour: Europe '44-'45,0
SiN Episodes: Emergence,0
SiN Episodes: Emergence,0
SiN Episodes: Emergence,0
Girls Like Robots,0
Spaceport Hope,31.0
Gunman Clive 2,15.0
Final Rush,21.0
Pinball Arcade: Season Five Pack,88.0
Pinball Arcade: Season Five Pro Pack,112.0
Dragons and Titans,0
Enola,48.0
Mighty Gunvolt,21.0
Villagers and Heroes,0
Paper Sorcerer,21.0
Satellite Reign Soundtrack,31.0
Mountain Crime: Requital,15.0
Tower Unite,0
Mitsurugi Kamui Hikae,36.0
Karma. Incarnation 1,0
Karma. Incarnation 1 Demo,0
CDF Ghostship,55.0
Darwinia,36.0
Darwinia Demo,0
Uplink,36.0
Bloodbath Kavkaz - Khovan Revenge,0
DEFCON,36.0
DEFCON Demo,0
Multiwinia,36.0
Victor Vran: Original Soundtrack and Artbook,28.0
Unearthed: Trail of Ibn Battuta - Episode 1 - Gold Edition,21.0
Multiwinia Demo,0
Dead Effect 2,52.0
Owys,6.0
Muffin Knight,0
Navpoint Demo,0
Fantasy Grounds - War of the Dead Chapter 1 for Savage Worlds,48.0
Fantasy Grounds - Interface Zero 2.0 for Savage Worlds,68.0
FootLOL: Epic Fail League,21.0
Dangerous Waters,48.0
Space Empires IV Deluxe,36.0
One Upon Light,0
Jagged Alliance 2 Gold,68.0
Mars Colony: Frontier,36.0
Disciples II: Rise of the Elves ,28.0
Square Brawl,21.0
Disciples II: Gallean's Return,28.0
Office Battle,6.0
Spaceforce Constellations,36.0
Iron Warriors: T - 72 Tank Command ,21.0
Catching Up,11.0
EvilQuest,0
The Borrower,11.0
Space Empires V,48.0
Past Your Eyes,11.0
Out of the Park Baseball 14,68.0
Arx Fatalis,21.0
Future Farmer,11.0
Arx Fatalis Demo,0
God's Work,11.0
SPACECOM,36.0
Gillespie,6.0
Aqua Kitty - Milk Mine Defender,28.0
The Facility,0
DEADBOLT,0
Habitus,34.0
Zombie Grinder,34.0
Red Baron Pack,36.0
Master Spy OST,21.0
Wyv and Keep: The Temple of the Lost Idol,48.0
Satellite Reign: Reboot - Prequel Novella,18.0
The Art of Satellite Reign: Art Book,18.0
Out There Somewhere,5.0
Source Filmmaker,0
Bard's Gold - Soundtracks,11.0
Afterlife Empire Demo,0
Son of Nor,68.0
Geekbench 3,0
Systematic Immunity,0
Earth 2160,21.0
Full Bore,48.0
Two Worlds,0
Miracle Fly,31.0
Two Worlds Epic Edition,36.0
Dark Storm VR Missions,36.0
Vangers,0
Toby: The Secret Mine,36.0
DISTRAINT,21.0
Reiner Knizia's The Confrontation,68.0
Victory: The Age of Racing,0
Ben and Ed,36.0
SKYHILL Demo,0
Pixel Piracy,36.0
WazHack,38.0
The Adventures of Fatman,18.0
Shadowrun: Hong Kong - Extended Edition Deluxe Upgrade DLC,36.0
A Wolf in Autumn,11.0
One Finger Death Punch,21.0
Galacide - Art Book,15.0
Mr. Bree+,0
Voxel Blast,40.0
CONSORTIUM,36.0
Dark Messiah of Might & Magic,20.0
Global Outbreak: Doomsday Edition,34.0
Dark Messiah of Might & Magic,20.0
Doors,21.0
99 Levels To Hell,21.0
Guns n Zombies,31.0
ANKI,6.0
Captain Morgane and the Golden Turtle,21.0
Freedom Cry,28.0
Rocket League (Official Game Soundtrack),21.0
Battle of Empires: 1914-1918 - Skirmish Pack,15.0
Major Mayhem,0
Quake III Arena,68.0
The Dwarf Run,34.0
Quake IV,68.0
La Tale,0
Volume - Making of eBook,18.0
Volume - Original Soundtrack,38.0
I Can't Escape: Darkness Original Soundtrack,18.0
Narcissu 1st & 2nd,0
The Cat Lady Album (Music From The Video Game),18.0
Jacob Jones and the Bigfoot Mystery : Episode 1,0
Mr Makeshifter,31.0
Wolfenstein 3D,21.0
Comicado,0
Ultimate Doom,21.0
Final DOOM,21.0
BLACKHOLE Demo,0
Children of Liberty,36.0
DOOM II,21.0
Missing Translation,0
QUAKE,36.0
Missing Translation: Deluxe Edition,0
A-Men,36.0
QUAKE II,36.0
QUAKE II Mission Pack: The Reckoning,21.0
Operation Hardcore,0
BlackSoul: Extended Edition,28.0
QUAKE II Mission Pack: Ground Zero,21.0
Lost Horizon 2,112.0
QUAKE III: Team Arena,68.0
We Are The Dwarves,0
HeXen: Beyond Heretic,21.0
Inventioneers,28.0
HeXen: Deathkings of the Dark Citadel,21.0
Moebius: Empire Rising,48.0
Armor Clash,40.0
Heretic: Shadow of the Serpent Riders,21.0
Platformines,62.0
The Ship: Murder Party,36.0
Quest for Infamy,36.0
The Ship: Single Player,0
Velocity Stream,48.0
Lost Civilization,21.0
DW8E: Old Costume Pack 1,15.0
Bloody Good Time,20.0
Sonic and All-Stars Racing Transformed - Yogscast DLC,0
PAYDAY 2: Armored Transport,18.0
Waste Walkers Role Playing Game DLC,15.0
Painters Guild - Soundtrack,21.0
Shadowgrounds,28.0
Shadowgrounds Demo,0
Gumboy Demo,0
King's Bounty: Legions | Beast Master Pack,36.0
King's Bounty: Legions | Champion of the Realm Pack,36.0
King's Bounty: Legions | Lord of Chaos Pack,18.0
King's Bounty: Legions | True Tactician Ultimate Pack,100.0
Coin Crypt,36.0
RIP 3 Demo,0
Subnautica,68.0
Vigil - Blood Bitterness Demo,0
Deadly 30,21.0
Alpha Prime,34.0
Vampire: The Masquerade - Bloodlines,0
The Last Dream: Developer's Edition,36.0
Lapland Solitaire,21.0
Backgammon Blitz,36.0
Empires: Dawn of the Modern World,0
Get Rich or Die Gaming,0
Realms of Arkania: Blade of Destiny - For the Gods DLC,15.0
Realms of Arkania: Blade of Destiny - Ogredeath DLC,0
Playing History - The Plague,0
Act of War: Direct Action,15.0
Farm Frenzy: Heave Ho,0
ThreadSpace: Hyperbol,36.0
ThreadSpace: Hyperbol Demo,0
Spacejacked Demo,0
Break Into Zatwor,4.0
Project Zomboid Demo,0
Galactic Civilizations III - Revenge of the Snathi DLC,21.0
ARMA: Combat Operations,44.0
Professional Farmer 2014 Demo,0
Atari 80 Classics in One,0
The Rise of Chubtan,31.0
X2: The Threat,21.0
X3: Reunion,36.0
InCell VR,21.0
X3: Terran Conflict,52.0
X: Beyond the Frontier,21.0
Young Justice: Legacy - Blue Beetle Hero Pack,6.0
Young Justice: Legacy - Bumblebee Hero Pack,6.0
Young Justice: Legacy - Lagoon Boy Hero Pack,6.0
Young Justice: Legacy - Wonder Girl Hero Pack,11.0
X: Tension,21.0
Young Justice: Legacy - Classic Costume Pack,6.0
Young Justice: Legacy - Covert Costume Pack,6.0
FORCED SHOWDOWN,0
X Rebirth,112.0
Rogue State,42.0
688(I) Hunter/Killer,36.0
Fleet Command,36.0
APB Reloaded: New Blood Booster Pack,0
APB Reloaded: Key to the City Pack,0
Sub Command,36.0
Secret Of Magia,5.0
Jagged Alliance 2: Unfinished Business,0
Gas Guzzlers Extreme Demo,0
Crystal Towers 2 Demo,0
Meridian: New World,28.0
Marvel Puzzle Quest - S.H.I.E.L.D. New Recruit Pack,36.0
Magic 2015 - Garruk's Revenge Expansion,21.0
Innistrad Card Collection,21.0
Theros Card Collection,21.0
Ravnica Card Collection,21.0
GTI Racing,21.0
Zendikar Card Collection,21.0
Xpand Rally,0
VERSUS: The Lost Ones,18.0
VERSUS: The Lost Ones Demo,0
Acceleration of SUGURI X-Edition HD,25.0
VERSUS: The Lost Ones - WorningBird Hints,6.0
THIEF DLC: Booster Pack - Opportunist,6.0
THIEF DLC: Booster Pack - Predator,6.0
THIEF DLC: Booster Pack - Ghost,6.0
Xpand Rally Xtreme,0
Pinball FX2 - Doctor Strange Table,15.0
Viscera Cleanup Detail: Santa's Rampage,9.0
In Between Demo,0
The Age of Decadence Demo,0
Masochisia,31.0
Crazy Machines: Golden Gears,36.0
Tank Battle: 1944,0
Bit Shifter OST - Shift Into Cyberspace,21.0
Men of War: Red Tide,21.0
LowcoBall,6.0
Marvel Heroes 2015 - Wolverine Hero Pack,0
Marvel Heroes 2015 - Gambit Hero Pack,68.0
Marvel Heroes 2015 - Avengers Assemble Team Pack,0
Marvel Heroes 2015 - X-Force Team Pack,0
King's Bounty: Armored Princess,36.0
Barbie and Her Sisters Puppy Rescue,68.0
Monster High: New Ghoul in School,48.0
Gomo,21.0
King's Bounty Armored Princess Demo,0
Painkiller: Black Edition,36.0
Super Spatters Demo,0
Painkiller Demo,0
Battle of Empires: 1914-1918 - Battle of Cambrai,0
Genesis Rising,21.0
One-eyed Jak,0
Grimind,36.0
Evoland 2 - Soundtrack,28.0
Evoland 2 - Artbook,78.0
FX Football - The Manager for Every Football Fan,0
Safecracker: The Ultimate Puzzle Adventure,21.0
Battlestation: Harbinger,0
Space Hulk - Behemoth Skin DLC,11.0
Painkiller Overdose,21.0
Dead In Bermuda Demo,0
Painkiller Overdose Demo,0
Sentinels of the Multiverse - Soundtrack (Volume 3),21.0
Bejeweled 2 Deluxe,99.0
Bejeweled 2 Deluxe Free Demo,0
Chariot Royal Gadget Pack,15.0
Chuzzle Deluxe,21.0
Chuzzle Deluxe Free Demo,0
Fireflies,28.0
RPG Maker: Inspirational Vol. 1,78.0
RPG Maker: Adventurer's Journey,21.0
RPG Maker: Sinister Hollows,68.0
RPG Maker: High Fantasy Resource Pack,78.0
Insaniquarium Deluxe,21.0
Insaniquarium Deluxe Free Demo,0
Cliffs of War: Fortress Defenders,28.0
Zuma Deluxe,99.0
Zuma Deluxe Free Demo,0
AstroPop Deluxe,0
AstroPop Deluxe Free Demo,0
Songs2See,68.0
Bejeweled Deluxe,0
Bejeweled Deluxe Free Demo,0
Big Money! Deluxe,0
Big Money! Deluxe Free Demo,0
Bookworm Deluxe,0
Bookworm Deluxe Free Demo,0
CMYW,18.0
Dynomite Deluxe,0
Dynomite Deluxe Free Demo,0
Axis Game Factory Demo,0
Feeding Frenzy 2 Deluxe,0
Feeding Frenzy 2 Deluxe Free Demo,0
Quantum Flux,15.0
Hammer Heads Deluxe,21.0
Hammer Heads Deluxe Free Demo,0
Quantum Flux - Soundtrack,6.0
Dead Rising 3 Apocalypse Edition,196.0
Heavy Weapon Deluxe,21.0
Heavy Weapon Deluxe Free Demo,0
La Tale - Infinite Prestige Package,78.0
La Tale - Infinite Potential Package,60.0
Iggle Pop Deluxe,21.0
Iggle Pop Deluxe Free Demo,0
TowerClimb,48.0
Pizza Frenzy Deluxe,0
Pizza Frenzy Deluxe Free Demo,0
ACE Academy,78.0
Rocket Mania Deluxe,0
Rocket Mania Deluxe Free Demo,0
The Red Solstice,68.0
Typer Shark! Deluxe,0
Typer Shark! Deluxe Free Demo,0
Talismania Deluxe,0
Talismania Deluxe Free Demo,0
Epic Battle Fantasy 4,40.0
Bookworm Adventures Deluxe,0
Bookworm Adventures Deluxe Free Demo,0
La-Mulana Original Sound Track,48.0
Peggle Deluxe,99.0
Peggle Deluxe Free Demo,0
Peggle Extreme,0
Fistful of Frags,0
Venice Deluxe,0
Venice Deluxe Free Demo,0
gShift,15.0
Imagine Me,0
Amazing Adventures Around the World,0
Amazing Adventures Around the World Demo,0
NaissanceE,48.0
Bejeweled Twist,0
Bejeweled Twist Free Demo,0
Lumini - Original Soundtrack / Artbook,0
Dracula's Legacy,15.0
12 Labours of Hercules IV: Mother Nature (Platinum Edition),15.0
Plants vs. Zombies GOTY Edition,0
Plants vs. Zombies Demo,0
The Black Watchmen - Season 2: Enduring Conflict,78.0
Escape Rosecliff Island,0
Escape Rosecliff Island Demo,0
Mass Destruction,0
Secret Ponchos,48.0
Mystery P.I. - Lost in Los Angeles,0
Mystery P.I. - Lost in Los Angeles Demo,0
Zuma's Revenge!,0
Zuma's Revenge! Demo,0
Cannons Lasers Rockets,0
Chronicles of the Witches and Warlocks,25.0
Over The Hills And Far Away,34.0
Residue: Final Cut,25.0
The Sandbox,21.0
Gridworld,6.0
GRIP,52.0
Monochroma,68.0
ESCHATOS Original Soundtrack (Steam Edition),21.0
Sniper Elite,36.0
Coin Crypt: Sea and Sky Expansion,21.0
Judge Dredd: Dredd vs. Death,31.0
Tidal Affair: Before The Storm,36.0
Evil Genius,36.0
Aliens versus Predator Classic 2000,21.0
Gaokao.Love.100Days - Yes Monitress,0
Hexcells,15.0
AZURE PHOSPHORESCENCE,36.0
Exile's End - Original Soundtrack by Keiji Yamagishi,36.0
Goat Simulator,36.0
Magnetic: Cage Closed - Challenge Map Pack DLC,0
Advent Rising,36.0
Ironkraft - Road to Hell,36.0
Ether One,68.0
BloodRayne,36.0
Go! Go! Nippon! 2015,31.0
BloodRayne 2,36.0
Sphere III: Enchanted World,0
Worlds of Magic,112.0
Psychonauts,36.0
RPG Tycoon Demo,0
Psychonauts Original Soundtrack,21.0
Psychonauts Original Score,21.0
Rogue's Tale,21.0
BloodRayne 2 Demo,0
LYNE,15.0
DRAKERZ-Confrontation,0
Star Conflict: Fleet Strength - Loki,78.0
Star Conflict: Fleet Strength - Razor,36.0
Star Conflict: Fleet Strength - Blood Tormentor,65.0
Star Conflict: Fleet Strength - Sawtooth,78.0
Star Conflict: Fleet Strength - Cutter,78.0
Star Conflict: Fleet Strength - Mauler,88.0
Sid Meier's Pirates!,32.0
City of Steam: Arkadia,0
Starlite: Astronaut Rescue - Developed in Collaboration with NASA,15.0
Command: Northern Inferno,68.0
Tower of Guns,48.0
Deliverance,0
Breach & Clear,48.0
Kanji Training Game,21.0
Garry's Mod,36.0
Paperbound - Official Soundtrack,0
Troubles Land,21.0
Windforge,0
Astral Terra,55.0
A Kiss For The Petals - Remembering How We Met,31.0
One Way Heroics,18.0
Last Dream,36.0
Poker Superstars II,0
Poker Superstars II Demo,0
CTU: Counter Terrorism Unit,0
Procyon,18.0
Little Big Adventure - Enhanced Edition,25.0
SimplePlanes,42.0
Gridiron Solitaire,31.0
Lords of the Realm II,15.0
Magician's Apprentice,36.0
Helicopter Simulator 2014: Search and Rescue,28.0
Alea Jacta Est: Hannibal Terror of Rome,68.0
Alea Jacta Est: Parthian Wars,68.0
GameGuru,68.0
Space Food Truck,60.0
HueBots,0
Ethan: Meteor Hunter,36.0
Hoyle Official Card Games,68.0
Zoombinis,36.0
Lost Legends: The Weeping Woman Collector's Edition,48.0
Calibre 10 Racing,0
RACE - The WTCC Game,0
RACE - The WTCC Game,0
The Jackbox Party Pack 2,78.0
Farm for your Life,36.0
RACE 07 Demo,0
iRacing,0
Over The Hills And Far Away - Official Soundtrack,18.0
Labyronia RPG 2,5.0
Anarchy Arcade,0
RACE: Caterham Expansion,0
RoboBlitz,0
Conquest of Champions,0
RoboBlitz Demo,0
Dark Horizons: Mechanized Corps,48.0
Deus Ex: Revision,0
Lili: Child of Geos - Complete Edition,36.0
Shmadow,11.0
Moonbase 332,21.0
Hand of Fate,78.0
Time Machine Demo,0
City Life,0
GooCubelets,6.0
Spark Rising,11.0
City Life Deluxe,0
Silverfall,36.0
Nulldrifters,11.0
Silverfall Demo,0
AGFPPROV3 Premium,204.0
Run Run And Die,18.0
City Life 2008,36.0
FIREFIGHT RELOADED,0
Silverfall: Earth Awakening,36.0
Hyperspace Invaders II: Pixel Edition,21.0
Line of Defense,36.0
Urizen Shadows of the Cold,11.0
S.T.A.L.K.E.R.: Shadow of Chernobyl,68.0
Full Spectrum Warrior,36.0
Hylics,15.0
Burning Man: Beyond Black Rock,11.0
Full Spectrum Warrior: Ten Hammers,36.0
Smooth Operators,15.0
Titan Quest,48.0
Titan Quest - Immortal Throne,48.0
Meridian: Age of Invention,15.0
Company of Heroes,68.0
A Wise Use of Time,18.0
Particulars - Demo,0
A Wise Use of Time Demo,0
BattleQuiz,15.0
Pretty Girls Mahjong Solitaire,48.0
Saints Row IV - Gamestop Warped Weapon Challenge,6.0
Titan Quest Demo,0
Super Bomb Rush!,31.0
Magicka: The Ninth Element Novel,21.0
Full Pipe,0
Let's Sing 2016,129.0
Neverwinter: Steam Starter Kit,68.0
Zxill: A Legend of Time,28.0
Car Mechanic Manager,21.0
Carnivore Land,42.0
Arcane Sorcery,28.0
Victor Vran: Highlander's Outfit,0
Age of Mythology: Extended Edition,88.0
Victor Vran: Cauldron of Chaos Dungeon,0
Victor Vran: Tome of Souls Weapon,0
Condemned: Criminal Origins,48.0
No Time To Live,11.0
BAD END,11.0
Clustertruck,0
Forge - Assassin VIP Pack,0
Mystery Expedition: Prisoners of Ice,0
Abandoned: Chestnut Lodge Asylum,0
Invasion,11.0
Woof Blaster,0
Little Big Adventure 2,18.0
Euro Truck Simulator 2 - Ice Cold Paint Jobs Pack,11.0
Euro Truck Simulator 2 - Prehistoric Paint Jobs Pack,11.0
Alex Hunter - Lord of the Mind Platinum Edition,28.0
Heroes of Annihilated Empires,0
Colony Assault,31.0
Heroes of Annihilated Empires Demo,0
Heroes... Multiplayer Demo,0
The Labyrinth of Time,25.0
Cossacks: Back to War,0
Protoshift,11.0
Cossacks: Campaign Expansion,0
Ragnarok - Winter Wonderbox,81.0
Cossacks: Art of War,0
Cossacks: European Wars,0
Highschool Romance,36.0
Cossacks II: Battle for Europe,0
Reigning Cats,21.0
Zen of Sudoku,21.0
Zen of Sudoku Demo,0
Gravity Badgers,21.0
Natural Selection 2,36.0
Natural Selection 2,36.0
Shapes of Gray,28.0
Evochron Legacy,78.0
Euclidean,18.0
BlackShadows,15.0
Painkiller Overdose Teaser,0
Shadowgrounds Survivor Trailer,0
Alpha Prime Trailer,0
Team Fortress 2: Meet the Heavy (German),0
Team Fortress 2: Meet the Heavy (French),0
Dawn of War - Soulstorm HD Trailer,0
Unreal Tournament 3 HD Trailer,0
Trackmania Nations Forever Trailer,0
Team Fortress 2: Meet the Scout (English),0
Team Fortress 2: Meet the Scout (French),0
Team Fortress 2: Meet the Scout (German),0
Team Fortress 2: Meet the Scout (Russian),0
Team Fortress 2: Meet the Scout (Spanish),0
Sam & Max: Season 2 Trailer,0
Trials 2 Official Trailer,0
Trials 2 - Bumps 'n Bruises Trailer,0
Trials 2 - Rollin' and Tumblin' Trailer,0
Trials 2 - Throttle to the Max Trailer,0
Trackmania United Forever Trailer,0
"Precipice of Darkness, Episode One Trailer",0
Tom Clancy's H.A.W.X - High Altitude Warfare HD Trailer,0
Team Fortress 2: Meet the Sniper,0
Crazy Machines 2 HD Trailer,0
Team Fortress 2: Meet the Sniper (French),0
Team Fortress 2: Meet the Sniper (German),0
Team Fortress 2: Meet the Soldier (French),0
Team Fortress 2: Meet the Soldier (German),0
Team Fortress 2: Meet the Sniper (Russian),0
Team Fortress 2: Meet the Sniper (Spanish),0
Tidal Affair: Before The Storm Demo,0
Pro Cycling Manager - Le Tour De France 2008 Trailer,0
Multiwinia Trailer 1 - Domination,0
Red Faction Guerrilla Destruction Trailer,0
Team Fortress 2: Meet the Sandvich,0
GTR Evolution Trailer,0
Multiwinia Trailer 2 - King of the Hill,0
Multiwinia Trailer 3 - Capture the Statue,0
X3: Terran Conflict - Teaser,0
Crysis HD Trailer,0
Crysis Wars HD Trailer,0
Multiwinia Trailer 4 - Rocket Riot,0
Multiwinia Trailer 5 - Blitzkrieg,0
The Witcher: Enhanced Edition Trailer,0
Team Fortress 2: Meet the Soldier (Russian),0
Team Fortress 2: Meet the Demoman (Russian),0
Multiwinia Trailer 6 - Assault,0
STCC - The Game Teaser,0
City Life 2008 Trailer,0
STCC - The Game Promo Trailer,0
Shaun White Snowboarding Trailer,0
Project Aftermath Video,0
Xpand Rally Xtreme Trailer,0
D.I.P.R.I.P. Warm Up Trailer,0
Galactic Bowling HD Trailer,0
Team Fortress 2: Meet the Engineer (Russian),0
Fallout 3 Official Trailer,0
Fallout 3 Teaser Video,0
Fallout 3 Gameplay Video: 1 of 5,0
Fallout 3 Gameplay Video: 2 of 5,0
Fallout 3 Gameplay Video: 3 of 5,0
Fallout 3 Gameplay Video: 4 of 5,0
Fallout 3 Gameplay Video: 5 of 5,0
Space Trader Trailer,0
X3: Terran Conflict - Intro Trailer,0
X3: Terran Conflict - Think Trailer,0
X3: Terran Conflict - Think Trailer (German),0
X3: Terran Conflict - Trade Trailer,0
X3: Terran Conflict - Trade Trailer (German),0
Red Faction Guerrilla Multiplayer Gameplay Trailer,0
Tomb Raider: Underworld - Mexico Gameplay Trailer,0
Multiwinia Official Trailer,0
Left 4 Dead TV Spot 1 - 1080p,0
Left 4 Dead TV Spot 1 - 720p,0
X3: Terran Conflict - Build Trailer,0
Left 4 Dead Intro (English),0
Left 4 Dead Intro (French),0
Left 4 Dead Intro (German),0
Left 4 Dead Intro (Russian),0
Left 4 Dead Intro (Spanish),0
"Precipice of Darkness, Episode Two Trailer",0
Call of Duty: World at War Trailer,0
Left 4 Dead TV Spot 2 - 720p,0
Left 4 Dead TV Spot 2 - 1080p,0
Defense Grid: The Awakening Trailer,0
Mass Effect HD Trailer,0
Command and Conquer: Red Alert 3 HD Trailer 1,0
Need for Speed Undercover HD Trailer,0
Dead Space HD Trailer,0
Company of Heroes: Tales of Valor Trailer,0
Aquaria Trailer,0
Strong Bad Episode 5: 8-Bit Is Enough Trailer,0
Strong Bad Episode 3: Baddest of the Bands Trailer,0
Strong Bad Episode 4: Dangeresque 3 Trailer,0
Strong Bad Episode 2: Strong Badia the Free Trailer,0
F.E.A.R.2: Project Origin Movie: Alma,0
Command and Conquer: Red Alert 3 HD Trailer 2,0
Grand Ages: Rome Trailer,0
Ceville Trailer,0
The Maw Video,0
The Maw: Brute Force Trailer,0
World In Conflict: Soviet Assault Trailer,0
Unreal Tournament 3 Titan Trailer,0
Zeno Clash Video,0
EVE Online: I Was There,0
Wallace & Gromit Episode 1 Teaser,0
The Path Trailer,0
Grey's Anatomy Trailer,0
Caster Launch Trailer,0
The Maw: River Redirect Trailer,0
Drakensang HD Trailer,0
Far Cry 2 Fortunes Pack Trailer,0
Obulis Trailer,0
Osmos Trailer,0
Flock! Trailer 1,0
Flock! Trailer 2,0
Stones of Sorrow Demo,0
Battlestations Pacific Trailer,0
F.E.A.R.2: Project Origin - Toy Soldiers Map Trailer,0
Grand Ages: Rome City Building Video,0
Red Faction Guerrilla Tools of Destruction Video 1,0
Red Faction Guerrilla Tools of Destruction Video 2,0
Red Faction Guerrilla Tools of Destruction Video 3,0
Red Faction Guerrilla Tools of Destruction Video 4,0
Hearts of Iron III Trailer,0
Call of Juarez Bound in Blood Story Trailer,0
Red Faction Guerrilla - Developer Diary,0
NecroVision Trailer,0
Call of Duty: World at War - Map Pack,0
Call of Duty: World at War - Verruckt,0
Call of Duty: World at War - Zombies,0
Damnation - Steam Punk Trailer,0
Damnation - Levels & Environments,0
Damnation - All About the Moves,0
Red Faction: Guerrilla Tactics Trailer,0
Team Fortress 2: Meet the Spy,0
ARMA II Trailer,0
Louie Cooks,0
Red Faction Guerrilla Tools of Destruction Video 6,0
Red Faction Guerrilla Story,0
Red Faction Guerrilla Storyline Video,0
Left 4 Dead 2 Teaser,0
Overlord II Trailer,0
Tom Clancy's Splinter Cell Conviction Gameplay Trailer,0
Tom Clancy's Splinter Cell Conviction Trailer,0
America's Army 3: Teaser Trailer,0
Global Agenda - No Elves,0
Mini Ninjas E3 Trailer,0
Assassin's Creed 2 E3 Trailer,0
Just Cause 2 Trailer,0
Rogue Warrior Trailer,0
Prototype Launch Trailer,0
Prototype Intro,0
America's Army 3: Trailer,0
ARMA II USMC Trailer,0
ARMA II Russian Armed Forces Trailer,0
ARMA II Citizens Trailer,0
MAGIX Movie Edit Pro 2014 Plus,0
Call of Juarez 2 Brothers Trailer,0
Trine Teaser Trailer,0
Trine Trailer,0
Tales of Monkey Island Trailer,0
Droplitz Gameplay Trailer,0
Team Fortress 2: Meet the Spy (Russian),0
Ghost Cleaner,25.0
X3: Terran Conflict 2.0 Trailer,0
Anno 1404 Trailer,0
Anno 1404 Mood Trailer,0
Batman: Arkham Asylum Combat Trailer,0
Batman: Arkham Asylum Invisible Predator Trailer,0
Batman: Arkham Asylum Joker Trailer,0
Divinity 2: Ego Draconis Trailer 1 (English),0
Divinity 2: Ego Draconis Trailer 1 (German),0
Divinity 2: Ego Draconis Trailer 2 (English),0
Divinity 2: Ego Draconis Trailer 2 (German),0
Divinity 2: Ego Draconis Trailer 3 (English),0
Divinity 2: Ego Draconis Trailer 3 (German),0
Foreign Legion: Buckets of Blood Trailer,0
Cricket Revolution Gameplay Trailer,0
Cricket Revolution Trailer,0
Drug Wars Trailer,0
Darkest of Days Time Periods,0
Darkest of Days Instructional Trailer,0
Darkest of Days Trailer,0
Section 8 Teaser Trailer,0
Trine Trailer 4,0
R.U.S.E. E3 Demo Part 1,0
R.U.S.E. E3 Demo Part 2,0
Bookworm Adventures 2 Trailer,0
Batman Arkham Asylum - Gadgets Trailer,0
Batman Arkham Asylum - Demo Trailer,0
Ashes Cricket 2009 - Great Players Trailer,0
Ashes Cricket 2009 - Tunnel Trailer,0
Ashes Cricket 2009 - World of Cricket Trailer,0
Mini Ninjas - Suzume Gameplay Trailer (EU),0
Mini Ninjas - Suzume Trailer (EU),0
Crash Time 2 Trailer,0
Assassins Creed 2 Developer Diary 2,0
Heroes Over Europe - Ace Kill Trailer,0
Call of Juarez Bound in Blood - Feature Trailer,0
Heroes Over Europe - Environments Trailer,0
Heroes Over Europe - Planes Trailer,0
World of Zoo Trailer,0
Mini Ninjas - Kunoichi Trailer (EU),0
Mini Ninjas - Launch Trailer,0
Stray Cat Crossing Demo,0
Batman: Arkham Asylum Launch Trailer (EU),0
Heroes Over Europe - Multiplayer Trailer,0
Risen Trailer,0
Need for Speed: Shift Trailer,0
Command and Conquer Red Alert 3: Uprising Trailer,0
Medal of Honor: Airborne Trailer,0
Tom Clancy's Splinter Cell Conviction - Numbers Trailer,0
Dreamkiller Trailer,0
Borderlands Trailer,0
Metal Drift Trailer,0
Cities XL Gameplay Trailer,0
Operation Flashpoint: Dragon Rising Weapons Trailer,0
Operation Flashpoint: Dragon Rising Multiplayer Trailer,0
RACE On Trailer,0
Ninja Blade Trailer,0
Dragon Age: Origins Wardens Calling Trailer,0
Dragon Age: Origins Grey Wardens Trailer,0
Dragon Age: Origins Stone Prisoner Trailer,0
Dragon Age: Origins Blood Dragon Armor Trailer,0
Dragon Age: Origins Sacred Ashes Trailer,0
AI War Trailer,0
Massive Assault Network 2 Trailer,0
Massive Assault: Phantom Renaissance Trailer,0
Dangerous High School Girls in Trouble HD Trailer,0
Torchlight Alchemist Trailer,0
Torchlight Vanquisher Trailer,0
Torchlight Destroyer Trailer,0
Tom Clancys Splinter Cell Conviction TGS Walk-Thru Video,0
Woodcutter Simulator 2013,36.0
Aztaka Trailer,0
Men of War Red Tide Trailer,0
Raid on Moondust Trailer,0
Zombie Bowl-o-Rama Trailer,0
Defence Alliance 2 Trailer,0
Serious Sam HD Movie 2,0
Command and Conquer 3: Tiberium Wars Trailer,0
Command and Conquer 3: Kane's Wrath Trailer,0
Shattered Horizon Soundtrack Trailer,0
Water Bears VR,0
Shattered Horizon Escalation Trailer,0
SpellForce Platinum Trailer,0
Devil May Cry 4 Trailer,0
Left 4 Dead 2 - TV Spot 2,0
Just Cause 2 No Ordinary Trailer,0
King Arthur Trailer,0
Altitude Trailer,0
Blockstorm,28.0
Shattered Horizon Silent Running Trailer,0
King's Bounty Armored Princess Trailer,0
AI War: Fleet Command Trailer,0
Android Exporter for Clickteam Fusion 2.5,248.0
Blood Bowl Trailer,0
HTML5 Exporter for Clickteam Fusion 2.5,182.0
Flash Exporter for Clickteam Fusion 2.5,182.0
Star Trek Online Gameplay Trailer,0
Borderlands Zombie Island Trailer,0
Finding Teddy Soundtrack,0
Mass Effect 2 Trailer,0
Virtua Tennis 2009 Final Trailer,0
Fallout 3 Operation Achorage Trailer,0
Fallout 3 Broken Steel Trailer,0
Fallout 3 Mothership Zeta Trailer,0
Fallout 3 Point Lookout Trailer,0
Fallout 3 Bloodless Trailer,0
Everquest Underfoot Trailer,0
America's Army 3 Full Trailer,0
America's Army 3 Authenticity Trailer,0
America's Army 3 Basic Combat Training Trailer,0
America's Army 3 New Features Trailer,0
America's Army 3 Technology Trailer,0
Just Cause 2 The Laws of Physics,0
US Diesel Locomotives - Set 1,45.0
Europa Universalis III: Heir to the Throne Trailer,0
ARMA II Eagle Wing Trailer,0
Kane & Lynch 2 Trailer,0
Zero Gear Trailer,0
Foreign Legion Buckets of Blood Gameplay Trailer,0
Sound Shift,15.0
Tom Clancys Splinter Cell Conviction - Co-op Trailer,0
Just Cause 2 An Island In Chaos Trailer,0
Dragon Age: Origins Awakening Trailer,0
Dark Void Trailer,0
Supreme Commander 2 Trailer,0
Greed: Black Border Trailer,0
Battlefield Bad Company 2 Squad Story Trailer,0
AI War: The Zenith Remnant Trailer,0
Greed: Black Border Gameplay Trailer,0
Battlefield Bad Company 2 Limited Edition Unlocks Trailer,0
Battlefield Bad Company 2 E3 Trailer,0
Battlefield Bad Company 2 Moments Episode 3 Panama Canal,0
Aliens vs. Predator Classic 2000 Trailer,0
Global Agenda Launch Trailer,0
Sword of the Stars: The Pit Soundtrack,21.0
Bob Came in Pieces Trailer,0
Silent Hunter 5: Dynamic Campaign Trailer,0
Mass Effect 2 Launch Trailer,0
Toki Tori Trailer,0
Sonic & SEGA All-Stars Racing Trailer,0
Ground Pounders,42.0
Star Wolves 3: Civil War Trailer,0
Aliens vs. Predator Story Trailer,0
Metro 2033 Trailer,0
Order of War: Challenge ESRB Trailer,0
Cake Mania Main Street Trailer,0
Westward IV Trailer,0
Iron Roses Trailer,0
Metro 2033 Third Trailer,0
Front Mission Evolved Trailer,0
Shattered Horizon Moonrise Trailer,0
Shatter Trailer,0
Shadowrun Chronicles - Boston Lockdown,68.0
Supreme Commander 2 Colossus Trailer,0
Supreme Commander 2 Pulinsmash Trailer,0
Supreme Commander 2 Bomb Bouncer Trailer,0
Supreme Commander 2 AC1000 Trailer,0
Pixel Boy and the Ever Expanding Dungeon,21.0
Splinter Cell Conviction Story Trailer,0
Settlers 7 Economy Tutorial Trailer,0
Settlers 7 Victory Points Trailer,0
Just Cause 2 Freedom and Chaos Trailer,0
War of Beach,0
Talisman - Character Pack #5 - Martyr,11.0
Just Cause 2 Demo Trailer,0
Metro 2033 Ghosts of the Metro Trailer,0
Talisman - Character Pack #7 - Black Witch,11.0
RUSE Open Beta Introduction,0
Silent Hunter 5 - Launch Trailer,0
Talisman - Character Pack #9 - Shape Shifter,11.0
Sol Survivor Trailer,0
Talisman - The Highland Expansion,28.0
Talisman - The Sacred Pool Expansion,21.0
Talisman - Character Pack #10 - Shaman,11.0
Talisman - Character Pack #11 - Illusionist,11.0
Talisman - The City Expansion,28.0
Talisman - Character Pack #12 - Jester,11.0
Batman Game of the Year Edition Trailer,0
STASIS Deluxe Edition Upgrade,48.0
Dark Void Zero Trailer,0
Order of War: Challenge Teaser Trailer,0
Serious Sam HD: The Second Encounter Announcement Video,0
The Misadventures of P.B. Winterbottom Trailer,0
Lead and Gold Launch Trailer,0
Lead and Gold Trapper Trailer,0
Supreme Commander 2 Flowfield Trailer,0
Supreme Commander 2 Multiplayer Trailer,0
Supreme Commander 2 Story Final Trailer,0
Supreme Commander 2 Tech and Strategy Trailer,0
Grand Theft Auto: Episodes from Liberty City Trailer ,0
Splinter Cell Conviction Multiplayer Part 3,0
Splinter Cell Conviction Multiplayer Part 2,0
Splinter Cell Conviction Multiplayer Part 1,0
Wings of Luftwaffe Trailer,0
ArmA II CDF Trailer,0
ARMA II NAPA Trailer,0
Clickteam Fusion 2.5 Developer Upgrade,748.0
Rise of Prussia Trailer,0
Tomb Raider Legend Trailer,0
AquaNox Trailer,0
AquaNox 2 Trailer,0
The Whispered World Trailer,0
Booster Trooper Trailer,0
Fjall,15.0
Liquid Rhythm Collection,38.0
Altitude Gameplay Trailer,0
Serious Sam HD: The Second Encounter Launch Video,0
Serious Sam HD: The Second Encounter - House of Sam Video,0
F.E.A.R. - E3 Trailer,0
F.E.A.R. - Teaser ,0
Iron Grip Warlord Trailer,0
Max and the Magic Marker Trailer 1,0
Chrome Trailer 1,0
Chrome - SpecForce Trailer 1,0
Star Gate Resistance,0
Tisnart Tiles,25.0
Flight of the Icarus Trailer,0
Gratuitous Space Battles: The Swarm trailer,0
Super Meat Boy Trailer 2,0
Sniper: Ghost Warrior Trailer (Multiplayer),0
Sniper: Ghost Warrior Trailer (Headshot),0
Lara Croft: Guardian of Light Trailer,0
Napoleon: Total War - Peninsular Campaign Trailer,0
Alien Swarm Launch Video,0
Free Yourself,0
ARMA II - Operation Arrowhead Trailer,0
Ziro Trailer,0
eversion Trailer,0
Jolly Rover Trailer,0
Hearts of Iron III: Semper Fi Trailer,0
TF2 Mac Trailer,0
9.03m,6.0
Fallout New Vegas E3 2010 trailer,0
Portal 2 Teaser,0
Homefront Teaser trailer,0
Homefront Back Story trailer,0
Puzzle Dimension trailer,0
Red Faction: Armageddon Trailer,0
Kane & Lynch 2: Arcade Mode English (PEGI),0
Kane & Lynch 2: Arcade Mode (FR),0
Bridge It Demo,0
Kane & Lynch 2: Arcade Mode (IT),0
Kane & Lynch 2 Arcade Mode (ES),0
Kane & Lynch 2: Cops & Robbers Mode English (PEGI),0
Kane & Lynch 2: Cops & Robbers Mode (FR),0
Kane & Lynch 2: Cops & Robbers Mode (IT),0
Kane & Lynch 2: Cops & Robbers Mode (ES),0
Kane & Lynch 2: Cops & Robbers Mode (DE),0
Guilty Gear Isuka,36.0
Kane & Lynch 2: Fragile Alliance Mode (FR),0
Kane & Lynch 2: Fragile Alliance Mode (DE),0
Kane & Lynch 2: Fragile Alliance Mode (IT),0
Kane & Lynch 2: Fragile Alliance Mode (ES),0
Kane & Lynch 2: She'd Be Worth It English (PEGI),0
Kane & Lynch 2: She'd Be Worth It (FR),0
Kane & Lynch 2: She'd Be Worth It (DE),0
Kane & Lynch 2: She'd Be Worth It (IT),0
Kane & Lynch 2: She'd Be Worth It (RU),0
Kane & Lynch 2: She'd Be Worth It (ES),0
Kane & Lynch 2: Undercover Cop Mode (FR),0
Kane & Lynch 2: Undercover Cop Mode (DE),0
Kane & Lynch 2: Undercover Cop Mode (IT),0
Kane & Lynch 2: Undercover Cop Mode (ES),0
Kane & Lynch 2: Undercover Cop Mode Engish (PEGI),0
Transformers Reveal Trailer,0
Gun Metal,36.0
Razor2: Hidden Skies Trailer,0
Numen: Contest of Heroes Video,0
The Guild 2 Pirates Video,0
The Guild 2 Video,0
The Guild 2 Pirates New Features Video,0
X3 Terran Conflict Trailer 2.6,0
Portal 2 E3 Demo (Wheatley),0
Portal 2 E3 Demo (Excursion Funnels),0
Portal 2 E3 Demo (Faith Plates),0
Portal 2 E3 Demo (Thermal Discouragement Beams),0
Portal 2 E3 Demo (Pneumatic Diversity Vents),0
Portal 2 E3 Demo (Repulsion Gel),0
Without Within 2 Demo,0
Portal 2 E3 Demo (Propulsion Gel),0
Sacraboar Trailer,0
Sniper: Ghost Warrior - Basic Tactics,0
Puzzle Agent Trailer,0
Front Mission Evolved E3 2010 Trailer,0
Front Mission Evolved Trailer 2,0
NASA Moonbase Alpha Trailer,0
Darwinia trailer,0
4 Elements Movie,0
Without Within 2 - Digital artbook,15.0
DCS: Black Shark Trailer,0
DCS: Black Shark Trailer Overview,0
Disciples III - Renaissance Trailer,0
Future Wars Trailer,0
Rhythm Zone Trailer,0
ArcaniA Trailer,0
Chaser Trailer,0
Medal of Honor - Limited Edition,0
Medal of Honor - Wolf,0
Medal of Honor - Missions,0
Medal of Honor - Announce,0
MOH - E3 Trailer,0
Tidalis Launch Trailer,0
Legends of Solitaire: Curse of the Dragons,34.0
Alien Swarm Gameplay Video,0
Global Agenda - Mashup Trailer,0
Burn Zombie Burn Trailer,0
Greed Final Trailer,0
The Guild II Renaissance Trailer,0
Hostile Waters: Antaeus Rising,36.0
Mafia II - Boom Boom,0
Mafia II - E3 Trailer,0
Worms Reloaded Trailer,0
Lara Croft Guardian of Light Trailer 2 (PEGI),0
DC Universe Online - E3 Trailer,0
Trainz 2010 Trailer,0
Deus Ex: Human Revolution Trailer,0
Alter Ego Trailer,0
K&L2: Focus on the Job (PEGI) (EN),0
K&L2: Focus on the Job (FR),0
Ludwig,36.0
K&L2: Focus on the Job (ES),0
K&L2: Focus on the Job (DE),0
K&L2: You Think You Can Kill Me? (PEGI) (EN),0
K&L2: Pensate di farmi fuori? (IT),0
K&L2: Vous croyez que vous pouvez me tuer? (FR),0
Puzzle Quest 2 Trailer,0
Dungeon Siege III Trailer,0
Tom Clancy's H.A.W.X. 2 Trailer,0
Ziro Trailer,0
K&L2: Gaming's Most Notorious Criminals (ES),0
K&L2: Gaming's Most Notorious Criminals (DE),0
K&L2: Gaming's Most Notorious Criminals (PEGI) (EN),0
SimCity 4 Trailer,0
F1 2010 Trailer ,0
Cossacks: Back to War Trailer,0
Battle Worlds: Kronos Demo,0
Swarm Arena Trailer,0
ARMA II - British Armed Force Trailer,0
Aura: Fate of the Ages Trailer,0
Patrician IV - Trailer,0
Ship Simulator Extreme - Trailer,0
Blade Kitten Trailer 2,0
Chime Preview Trailer,0
Ship Simulator Extreme - Trailer,0
BRINK Teaser,0
Brink Teaser 2,0
Call of Duty: Black Ops Trailer,0
Hunted: The Demon's Forge - Trailer,0
Call of Duty: Black Ops Multiplayer Teaser,0
vvvvvv Trailer,0
MOH: Fallen Angel,0
Kane & Lynch 2 - DLC Trailer (DE),0
Kane & Lynch 2 - DLC Trailer (ES),0
Kane & Lynch 2 - DLC Trailer (IT),0
Kane & Lynch 2 - DLC Trailer (PEGI) (EN),0
Kane & Lynch 2 - DLC Trailer (FR),0
NyxQuest: Kindred Spirits Trailer,0
Straima,34.0
Chime Tutorial Trailer,0
Chime Markus  Trailer,0
Delve Deeper Trailer,0
Bloody Good Time Clown Trailer (EN),0
Star Ruler - Trailer,0
MOH: Experience - Part 4,0
MOH: Experience - Part 3,0
MOH: Experience - Part 2,0
MOH: Experience - Part 5,0
Starbound - Soundtrack,21.0
Haunted House Trailer 1,0
Haunted House Trailer 2,0
Shank Trailer,0
Left 4 Dead - The Sacrifice Trailer,0
Polynomial Teaser,0
Actua Golf 3,0
Liquid Rhythm Randomizer,38.0
Liquid Rhythm GrooveMover,38.0
Liquid Rhythm BeatWeaver,38.0
Liquid Rhythm BeatForm Shifter,38.0
Liquid Rhythm BeatForm Tumbler,38.0
Liquid Rhythm Push Control,30.0
Cities XL 2011 Trailer,0
MX vs ATV Reflex Trailer,0
ProtoGalaxy Trailer,0
The Ball Launch Trailer 1,0
Swords and Soldiers HD Trailer,0
Arcadia Trailer,0
Kitchen Simulator 2015,48.0
Alice's Mom's Rescue,11.0
Quick Slick Deadly,15.0
Antisquad,25.0
Meltdown,28.0
Mechanic Escape,21.0
Let's Sing,48.0
Shank,36.0
Shank,36.0
Shank Demo,0
Pinball Arcade: Season Three Pack,88.0
Pinball Arcade: Season Three Pro Pack,112.0
Spiral Knights: Iron Dragon Armor,0
Spiral Knights: Iron Dragon Helm,0
Spiral Knights: Iron Dragon Wings,0
Spiral Knights: Iron Wolf Coat,0
Spiral Knights: Iron Wolf Tail,0
Grapple,31.0
High Strangeness,21.0
The Prism,25.0
Tinboy,0
Krautscape,31.0
FlatOut,31.0
FlatOut Demo,0
Snik - Soundtrack,0
Making History: The Calm & the Storm,21.0
Panzer Corps,68.0
Making History Demo,0
Ducati World Championship,21.0
Aura Kingdom,0
Alien Shooter - Vengeance,0
Blitz Breaker,15.0
Dreamfall: The Longest Journey,69.0
Comedy Quest,0
The Longest Journey,36.0
Hyspherical 2,18.0
The Longest Journey Demo,0
Gladiators Online - Tiro Pack,11.0
Age of Conan: Hyborian Adventures,0
Gladiators Online - Rudiarius Pack,36.0
Gladiators Online - Lanista Pack,68.0
Nuclear Shot,0
Bloodline Champions,0
Orc Attack: Flatulent Rebellion,36.0
MAGIX Movie Edit Pro 2016 Plus,635.0
The Whispered World Special Edition,79.0
Joint Task Force,36.0
Joint Task Force Demo,0
Alan Wake Bonus Materials,0
Koi-Koi Japan : Koi-Koi Enjoy Pack,0
Nexus - The Jupiter Incident,36.0
Flamebreak,36.0
Battle Battalions,0
Game Corp DX,15.0
RPG Maker: High Fantasy: The Deep,25.0
RPG Maker: High Fantasy Main Party Pack II,40.0
RPG Maker: Gyrowolf's Music Resource Pack 001,68.0
RPG Maker: Zonderland,31.0
RPG Maker: Time Fantasy,48.0
Defiance: Arkbreaker,36.0
From the Depths,68.0
Rocket League - Revenge of the Battle-Cars DLC Pack,18.0
The Memory of Eldurim,68.0
Bosch's Damnation Demo,0
Expand,25.0
Zero Point,0
Destiny Warriors RPG,5.0
Lost Planet Demo,0
Bullet Candy,0
Kopanito All-Stars Soccer,36.0
Magicite,36.0
Awesomenauts - Ghosthouse Announcer,21.0
Awesomenauts - Rockstar Announcer,16.0
One Way To Die: Deluxe Upgrade,6.0
Steel Armor: Basra 86,36.0
Ferrum's secrets - Vintage Vision cinematograph pack,11.0
Amos From Outer Space,28.0
Paranormal State: Poison Spring,36.0
The Secret Order 2: Masked Intent,36.0
Mad Snowboarding,34.0
Doctor Who: The Adventure Games,68.0
Ookibloks,21.0
Blowy Fish,11.0
EVGA PrecisionX 16,0
Satellite Reign,88.0
Masters of the World - Geopolitical Simulator 3,158.0
Malevolence: The Sword of Ahkranox,68.0
Commandos: Behind Enemy Lines,18.0
Commandos: Beyond the Call of Duty,18.0
Cloney,0
ShareX,0
You Are Not The Hero,48.0
Commandos 2: Men of Courage,18.0
Commandos 3: Destination Berlin,18.0
Hitman 2: Silent Assassin,28.0
Hitman: Blood Money,34.0
Science Girls,21.0
Battlestations: Midway,28.0
Just Cause,28.0
The Yawhg,0
Else Heart.Break(),78.0
Hitman: Codename 47,28.0
Xenocide Soundtrack,0
Year Walk,0
Deus Ex: Game of the Year Edition,28.0
Freedom Poopie,0
Deus Ex: Invisible War,28.0
Just Cause Demo,0
Battlestations: Midway Demo,0
Concrete Jungle,42.0
Hitman Blood Money Demo,0
The Incredible Adventures of Van Helsing: Final Cut,122.0
Okhlos,0
Super Motherload,48.0
Thief: Deadly Shadows,34.0
The Mystery of a Lost Planet,21.0
Tomb Raider: Legend,28.0
Bass Blocks,21.0
Luxuria Superbia,28.0
Project: Snowblind,25.0
StarForce: 2193,6.0
Rogue Trooper,36.0
The Deer,6.0
Tomb Raider: Legend Demo,0
Heaven Island - VR MMO,6.0
Sealed Play Deck - Slot 09,34.0
Project: Snowblind Demo,0
Hero Siege,25.0
Aces Wild: Manic Brawling Action!,36.0
Heroes of a Broken Land Demo,0
WORLD END ECONOMiCA episode.01,42.0
rFactor 2 Demo,0
LOVE,15.0
Adam's Venture: Origins,0
liteCam Game: 100 FPS Game Capture,0
Normality,25.0
Tactical Soccer The New Season,36.0
Infectonator : Survivors,40.0
FortressCraft Evolved Dapper Indie Supporter's Pack,21.0
Chronology,0
OASE - Other Age Second Encounter,68.0
Trackmania United Forever Star Edition,128.0
Nightside OST,11.0
Montas,36.0
"Runaway, A Road Adventure",36.0
"Runaway, The Dream of The Turtle",36.0
Reaper - Tale of a Pale Swordsman,21.0
"Runaway, The Dream of The Turtle Demo",0
NeuroVoider,0
The Seven Years War (1756-1763),68.0
Loki,36.0
Loki Demo - Egyptian Sorcerer,0
MadOut Ice Storm,28.0
Burning Cars,25.0
Sherlock Holmes - The Awakened Demo,0
MorphVOX Pro - Voice Changer,112.0
Azada,36.0
Bardbarian,31.0
Black Closet,68.0
Rack N Ruin - Soundtrack,11.0
Voice of Pripyat,0
Ricochet: Lost Worlds,0
Zoom Player Steam Edition,88.0
Ricochet: Lost Worlds,0
GTGD S1: More Than a Gamer,6.0
Big Kahuna Reef,0
Reverse Crawl,25.0
Claustrophobia: The Downward Struggle,0
Ricochet Infinity,0
Arcane Worlds,36.0
Simplz Zoo,0
A Mass of Dead,0
Simplz Zoo,0
Bleeding Blocks,0
TY the Tasmanian Tiger 4 - The Art of,25.0
TY the Tasmanian Tiger 4 - The Soundtrack Collection,68.0
Dex,68.0
X-Blades,36.0
Two Worlds II,68.0
VERGE:Lost chapter,11.0
BADLAND: Game of the Year Edition,36.0
Two Worlds II Castle Defense,36.0
Gates of Hell,0
War of the Human Tanks,36.0
RymdResa,40.0
Solar Shifter EX - Soundtrack,21.0
Oddworld: Abe's Oddysee - Official Soundtrack,21.0
Tumblestone,0
The Juicer,0
The Golf Club,88.0
Arcane Units Pack,6.0
Sid Meier's Railroads!,32.0
Golden Rush - Rare Artifacts pack,21.0
Golden Rush - One Hero Set of Artifacts,133.0
Block N Load - Starter Pack,36.0
Block N Load - Scary Monsters Skins Pack,36.0
Secrets of Grindea,48.0
Disney Infinity 3.0 - Yoda,25.0
DreadOut,48.0
Ultimate Rock Crawler,21.0
Spate,0
Disney Infinity 3.0 - Twilight of the Republic Starter Pack,112.0
Disney Infinity 3.0 - Inside Out Starter Pack,112.0
Disney Infinity 3.0 - Rise Against the Empire Starter Pack,112.0
Disney Infinity 3.0 - Toy Box Unlock,36.0
Disney Infinity 3.0 - Twilight of the Republic Play Set,68.0
Disney Infinity 3.0 - Inside Out Play Set,68.0
Disney Infinity 3.0 - Rise Against the Empire Play Set,68.0
Disney Infinity 3.0 - Toy Box Takeover,42.0
Disney Infinity 3.0 - Toy Box Speedway,42.0
Disney Infinity 3.0 - Toy Box Games Pack,68.0
Disney Infinity 3.0 - Anakin,25.0
Disney Infinity 3.0 - Ahsoka,25.0
Disney Infinity 3.0 - Obi-Wan,25.0
Disney Infinity 3.0 - Kanan,25.0
Disney Infinity 3.0 - Sabine,25.0
Disney Infinity 3.0 - Zeb,25.0
Disney Infinity 3.0 - Ezra,25.0
Disney Infinity 3.0 - Luke,25.0
Disney Infinity 3.0 - Leia,25.0
Disney Infinity 3.0 - Darth Vader,25.0
Rabi-Ribi,60.0
Disney Infinity 3.0 - Chewbacca,25.0
Disney Infinity 3.0 - Han Solo,25.0
Disney Infinity 3.0 - Darth Maul,25.0
Disney Infinity 3.0 - Twlight of the Repubilc Character Pack,55.0
Disney Infinity 3.0 - Star Wars Rebels Character Pack,55.0
Disney Infinity 3.0 - Joy,25.0
Disney Infinity 3.0 - Fear,25.0
Disney Infinity 3.0 - Sadness,25.0
Disney Infinity 3.0 - Disgust,25.0
Disney Infinity 3.0 - Mickey,25.0
Disney Infinity 3.0 - Minnie,25.0
Disney Infinity 3.0 - Mulan,25.0
Disney Infinity 3.0 - Olaf,25.0
Disney Infinity 3.0 - Spot,25.0
Disney Infinity 3.0 - Inside Out Character Pack,55.0
Disney Infinity 3.0 - Frozen Character Pack,36.0
Disney Infinity 3.0 - Princess Character Pack,55.0
NBA 2K9,0
Disney Infinity 3.0 - Mickey and Friends Character Pack,55.0
Disney Infinity 3.0 - Hulkbuster,25.0
AR-K,31.0
Disney Infinity 3.0 - Avengers Character Pack,78.0
Disney Infinity 3.0 - Spider-Man Character Pack,68.0
Disney Infinity 3.0 - Guardians of the Galaxy Character Pack,68.0
Disney Infinity 3.0 - Marvel Villians Character Pack,36.0
Disney Infinity 3.0 - Star Wars Hex Disc Pack,21.0
Disney Infinity 3.0 - Avengers Theme Pack,18.0
Disney Infinity 3.0 - Marvel Theme Pack,18.0
Disney Infinity 3.0 - Guardians of the Galaxy Theme Pack,18.0
Disney Infinity 3.0 - Marvel Vehicle and Weapons Pack,21.0
Disney Infinity 3.0 - Marvel Flight Pack,21.0
Disney Infinity 3.0 - Marvel Super Heroes Disc Pack,78.0
Disney Infinity 3.0 - Disney TV Pack,18.0
Disney Infinity 3.0 - Disney Princess Pack,18.0
Disney Infinity 3.0 - Wreck-It Ralph Pack,18.0
Disney Infinity 3.0 - Dark Classics Pack,18.0
Disney Infinity 3.0 - SciFi Pack,18.0
Disney Infinity 3.0 - Pixar Pack,18.0
Disney Infinity 3.0 - Disney Parks Pack,21.0
Disney Infinity 3.0 - Disney Vehicles Pack,18.0
Disney Infinity 3.0 - Disney Mounts and Motorcycle Pack,21.0
Disney Infinity 3.0 - Disney Weapon Pack,21.0
Disney Infinity 3.0 - Vehicles Pack,21.0
Disney Infinity 3.0 - Mounts Pack,21.0
Disney Infinity 3.0 - Disney Defense Pack,18.0
Disney Infinity 3.0 - Flight Pack,15.0
Disney Infinity 3.0 - Packs Pack,15.0
Disney Infinity 3.0 - Good Dinosaur Pack,18.0
Disney Infinity 3.0 - Thor,21.0
Disney Infinity 3.0 - Iron Man,21.0
Disney Infinity 3.0 - The Force Awakens Starter Pack,112.0
Disney Infinity 3.0 - The Force Awakens Character Pack,55.0
Disney Infinity 3.0 - Kylo Ren,25.0
Disney Infinity 3.0 - Finn,25.0
Disney Infinity 3.0 - Rey,25.0
Disney Infinity 3.0 - Poe Dameron,25.0
Disney Infinity 3.0 - Captain America,21.0
Disney Infinity 3.0 - Hulk,21.0
Disney Infinity 3.0 - Black Widow,21.0
Disney Infinity 3.0 - Hawkeye,21.0
Disney Infinity 3.0 - Spider-Man,21.0
Disney Infinity 3.0 - Nick Fury,21.0
Disney Infinity 3.0 - Venom,21.0
Disney Infinity 3.0 - Nova,21.0
Disney Infinity 3.0 - Rocket Raccoon,21.0
Disney Infinity 3.0 - Star-Lord,21.0
Disney Infinity 3.0 - Groot,21.0
Disney Infinity 3.0 - Gamora,21.0
Disney Infinity 3.0 - Drax,21.0
Disney Infinity 3.0 - Loki,21.0
Disney Infinity 3.0 - Green Goblin,21.0
Disney Infinity 3.0 - Falcon,21.0
Top Spin 2,0
Disney Infinity 3.0 - Marvel Superheroes Character Pack,204.0
Disney Infinity 3.0 - Hiro,21.0
Disney Infinity 3.0 - Baymax,21.0
Disney Infinity 3.0 - Aladdin,21.0
Disney Infinity 3.0 - Donald Duck,21.0
Disney Infinity 3.0 - Tinker Bell,21.0
Disney Infinity 3.0 - Merida,21.0
Disney Infinity 3.0 - Maleficent,21.0
Disney Infinity 3.0 - Jasmine,21.0
Disney Infinity 3.0 - Sam Flynn,21.0
Disney Infinity 3.0 - Quorra,21.0
Disney Infinity 3.0 - Disney Originals (2.0 Edition) All Characters Pack,112.0
Disney Infinity 3.0 - Mr. Incredible,21.0
Disney Infinity 3.0 - Mrs. Incredible,21.0
Disney Infinity 3.0 - Violet,21.0
Disney Infinity 3.0 - Syndrome,21.0
Disney Infinity 3.0 - Dash,21.0
Disney Infinity 3.0 - Mike,21.0
Disney Infinity 3.0 - Randy,21.0
Disney Infinity 3.0 - Captain Jack Sparrow,21.0
Disney Infinity 3.0 - Davy Jones,21.0
Disney Infinity 3.0 - Barbossa,21.0
Disney Infinity 3.0 - Lone Ranger,21.0
Disney Infinity 3.0 - Tonto,21.0
Disney Infinity 3.0 - Lightning McQueen,21.0
Disney Infinity 3.0 - Mater,21.0
Disney Infinity 3.0 - Holley,21.0
Disney Infinity 3.0 - Buzz Lightyear,21.0
Disney Infinity 3.0 - Woody,21.0
Disney Infinity 3.0 - Jessie,21.0
Disney Infinity 3.0 - Jack Skellington,21.0
Infinite Space III: Sea of Stars,36.0
Disney Infinity 3.0 - Elsa,21.0
Disney Infinity 3.0 - Rapunzel,21.0
Disney Infinity 3.0 - Wreck-It Ralph,21.0
Disney Infinity 3.0 - Phineas,21.0
Disney Infinity 3.0 - Agent P,21.0
Disney Infinity 3.0 - Sorcerers Apprentice Mickey,21.0
Disney Infinity 3.0 - Crystal Mr. Incredible,21.0
Disney Infinity 3.0 - Crystal  Sulley,21.0
Disney Infinity 3.0 - Crystal  Captain Jack Sparrow,21.0
Disney Infinity 3.0 - Crystal  Lighting McQueen,21.0
Disney Infinity 3.0 - Crystal  Buzz Lightyear,21.0
Disney Infinity 3.0 -  Crystal  Lone Ranger,21.0
NecroVision,21.0
Disney Infinity 3.0 - Crystal Agent P,21.0
Disney Infinity 3.0 - Disney Infinity (1.0 Edition) All Characters Pack,248.0
Disney Infinity 3.0 - Small Sparks Pack,15.0
Disney Infinity 3.0 - Medium Sparks Pack,36.0
Disney Infinity 3.0 - Large Sparks Pack,78.0
Time Rifters,36.0
MODO indie 901,48.0
1701 A.D.: Sunken Dragon,0
The Movies,0
Anode,21.0
Quest of Dungeons,21.0
The Movies: Stunts and Effects ,0
//N.P.P.D. RUSH//- The milk of Ultraviolet,18.0
Birth of Shadows,21.0
Dinosaur Hunt: Africa Contract,6.0
Invisible Apartment 2,31.0
The Gallery - Episode 1: Call of the Starseed,0
Puzzle Sages,11.0
Tomb Raider: Anniversary,34.0
Paint it Back Demo,0
RUNNING WITH RIFLES,59.0
Ancient Wars: Sparta,0
Depression Quest,0
Tomb Raider: Anniversary Demo,0
Zulu Response,0
1HEART,0
"Warhammer 40,000: Regicide - Soundtrack",19.0
Nubs' Adventure,28.0
Melody's Escape,36.0
Nusakana,40.0
Impulse Revolution Demo,0
Prominence,68.0
Conflict: Denied Ops Demo,0
Introduction to Modo,21.0
Conflict: Denied Ops,25.0
Akuatica,36.0
Frozen State,36.0
Shift Happens Demo,0
Tomb Raider: Underworld,34.0
The Aquatic Adventure of the Last Human,36.0
Tomb Raider: Underworld Demo,0
Cross of the Dutchman - Soundtrack,0
Dominique Pamplemousse,21.0
Battlestations Pacific,34.0
Cross of the Dutchman - Artbook,0
Cross of the Dutchman - Papercraft,0
Battlestations Pacific Demo,0
Synonymy Demo,0
Ku: Shroud of the Morrigan,21.0
Just Cause 2,48.0
Sam & Max 101: Culture Shock,0
Match 3 Revolution,0
Sam & Max 102: Situation: Comedy,0
Krosmaster - Elite Pack,115.0
"Sam & Max 103: The Mole, the Mob and the Meatball",0
Krosmaster - Fire Element Pack,95.0
Lambda Wars Beta,0
Sam & Max 104: Abe Lincoln Must Die!,0
Krosmaster - Water Element Pack,95.0
Sam & Max 105: Reality 2.0,0
Krosmaster - Air Element Pack,95.0
Krosmaster - Earth Element Pack,95.0
STAR-BOX - 'Galaxy Pet Store',6.0
Last Dream Original Soundtrack,0
Cypress Inheritance: The Beginning,25.0
Robot Roller-Derby Disco Dodgeball,48.0
Bone: Out From Boneville,36.0
Bone: The Great Cow Race,36.0
Legena: Union Tides,21.0
Strong Bad's Cool Game for Attractive People: Season 1,68.0
Broadside,21.0
The Forest of Doom,36.0
Strong Bad's Cool Game for Attractive People: Season 1,68.0
Strong Bad's Cool Game for Attractive People: Season 1,68.0
Fate Tectonics - OST,28.0
EPOCH,36.0
Strong Bad's Cool Game for Attractive People: Season 1,68.0
Strong Bad's Cool Game for Attractive People: Season 1,68.0
Geometry Wars: Retro Evolved,18.0
Yet Another Zombie Defense,11.0
Reversion - The Escape (1st Chapter),6.0
PAYDAY 2: Gage Chivalry Pack,21.0
Crusader Kings II: Viking Metal,15.0
Long Night,0
Life in Bunker,0
Foosball: World Tour - Bonus Cities,11.0
Haunt the House: Terrortown,21.0
Scourge: Outbreak - Blindside PvP Map pack,0
Scourge: Outbreak Demo,0
Fortune's Tavern: 'The Tree Sprites',6.0
NEO Scavenger Demo,0
Loren The Amazon Princess - The Castle Of N'Mar DLC,28.0
Driveby Gangster,18.0
Poi,48.0
Realm of the Mad God: Slime Priest Skin,0
Realm of the Mad God: Slime Archer Skin,0
Realm of the Mad God: Slime Knight Skin,0
Realm of the Mad God: Brigand Skin for the Rogue,0
RACE 07,0
Realm of the Mad God: Gentleman Skin for the Wizard,0
Realms of Arkania 2 - Star Trail Classic,18.0
Realms of Arkania 3 - Shadows over Riva Classic,18.0
ChargeShot,36.0
Etherlords,21.0
RACE On,0
Nevermind Soundtrack,36.0
Etherlords II,21.0
RACE 07: Andy Priaulx Crowne Plaza Raceway (Free DLC),0
GTR Evolution Expansion Pack for RACE 07,0
Jones On Fire,15.0
ARSLAN: THE WARRIORS OF LEGEND,158.0
Global ATC Simulator,100.0
STCC - The Game 1 - Expansion Pack for RACE 07,0
STCC - The Game Demo,0
The Binding of Isaac: Afterbirth,38.0
Car Mechanic Simulator 2014,28.0
GTR Evolution Demo,0
8BitMMO - Steam Founder's Pack Basic,36.0
8BitMMO Steam Founder's Pack Deluxe,68.0
American Truck Simulator,125.0
Puzzlegeddon Demo,0
RACE On Demo,0
The Universim Demo,0
Worms World Party Remastered,48.0
Introduction to 3D Prop Modeling and Design - Viking Armor and Weapons,31.0
The Room of Black & White,21.0
Real World Racing: Amsterdam & Oakland,11.0
GTR 2 FIA GT Racing Game,0
Axis Game Factory's AGFPRO Zombie FPS Player DLC,112.0
Axis Game Factory's AGFPRO Fantasy Side-Scroller Player,88.0
Axis Game Factory's AGFPRO BattleMat Multi-Player DLC,48.0
Ski Region Simulator - Gold Edition,36.0
Zenohell,36.0
The Guest,0
Below Kryll Demo,0
Californium,36.0
Frozen Hearth Soundtrack and Artbook,0
BioShock Infinite,95.0
Sonic and All-Stars Racing Transformed: Ryo Hazuki,0
Freedom Force Demo,0
Deathstate,48.0
Freedom Force vs. the Third Reich Demo,0
Villagers and Heroes: Artificer's Pack,68.0
Villagers and Heroes: Legendary Heroes Pack,78.0
Villagers and Heroes: Homeowner's Pack,48.0
Villagers and Heroes: Vanguard's Pack,36.0
String Theory,34.0
Star Command Galaxies,48.0
War of the Roses Novel,28.0
Puzzle Ball,15.0
Master Reboot Art Book and Soundtrack,28.0
Sakura Swim Club,36.0
PAYDAY 2: The Charlie Santa Heist,0
Gamer Simulator,21.0
Real World Racing Demo,0
Borderlands,64.0
Borderlands: The Zombie Island of Dr. Ned,32.0
Airport Madness: Time Machine,28.0
Spear of Destiny,21.0
Lift It,21.0
Return to Castle Wolfenstein,36.0
The Legend of Tango,0
QUAKE Mission Pack 2: Dissolution of Eternity,21.0
QUAKE Mission Pack 1: Scourge of Armagon,21.0
DOOM 3,36.0
HeXen II,21.0
DOOM 3 Resurrec