10,Counter-Strike,3600
20,Team Fortress Classic,2100
30,Day of Defeat,2100
40,Deathmatch Classic,2100
50,Half-Life: Opposing Force,2100
60,Ricochet,2100
70,Half-Life,3600
80,Counter-Strike: Condition Zero,3600
100,Counter-Strike: Condition Zero,3600
130,Half-Life: Blue Shift,2100
220,Half-Life 2,3600
240,Counter-Strike: Source,6800
280,Half-Life: Source,free game
300,Day of Defeat: Source,3600
320,Half-Life 2: Deathmatch,2100
340,Half-Life 2: Lost Coast,free game
360,Half-Life Deathmatch: Source,free game
380,Half-Life 2: Episode One,3100
400,Portal,3600
420,Half-Life 2: Episode Two,3100
440,Team Fortress 2,free game
500,Left 4 Dead,6800
550,Left 4 Dead 2,6800
620,Portal 2,6800
630,Alien Swarm,free game
659,Portal 2,6800
730,Counter-Strike: Global Offensive,4800
1002,Rag Doll Kung Fu,unknown
1200,Red Orchestra: Ostfront 41-45,3600
1250,Killing Floor,6800
1300,SiN Episodes: Emergence,unknown
1309,SiN Episodes: Emergence,unknown
1313,SiN Episodes: Emergence,unknown
1500,Darwinia,3600
1510,Uplink,3600
1520,DEFCON,3600
1530,Multiwinia,3600
1600,Dangerous Waters,4800
1610,Space Empires IV Deluxe,3600
1620,Jagged Alliance 2 Gold,6800
1630,Disciples II: Rise of the Elves ,2800
1640,Disciples II: Gallean's Return,2800
1670,Iron Warriors: T - 72 Tank Command ,2100
1690,Space Empires V,4800
1700,Arx Fatalis,2100
1840,Source Filmmaker,free game
1900,Earth 2160,2100
1930,Two Worlds Epic Edition,3600
2100,Dark Messiah of Might & Magic,2000
2130,Dark Messiah of Might & Magic,2000
2200,Quake III Arena,6800
2210,Quake IV,6800
2270,Wolfenstein 3D,2100
2280,Ultimate Doom,2100
2290,Final DOOM,2100
2300,DOOM II,2100
2310,QUAKE,3600
2330,QUAKE II Mission Pack: The Reckoning,2100
2340,QUAKE II Mission Pack: Ground Zero,2100
2350,QUAKE III: Team Arena,6800
2360,HeXen: Beyond Heretic,2100
2370,HeXen: Deathkings of the Dark Citadel,2100
2390,Heretic: Shadow of the Serpent Riders,2100
2400,The Ship: Murder Party,free game
2420,The Ship: Single Player,unknown
2450,Bloody Good Time,2000
2500,Shadowgrounds,2800
2520,Gumboy - Crazy Adventuresâ„?free game,
2525,Gumboy - Crazy Adventuresâ„?free game,
2540,RIP - Trilogyâ„?2100,
2545,RIP - Trilogyâ„?2100,
2550,RIP - Trilogyâ„?2100,
2570,Vigil: Blood Bitternessâ„?free game,
2590,Alpha Prime,3400
2600,Vampire: The Masquerade - Bloodlines,unknown
2610,GUNâ„?6800,
2700,RollerCoaster TycoonÂ® 3: Platinum,6800
2710,Act of War: Direct Action,1500
2720,ThreadSpace: Hyperbol,3600
2780,ARMA: Combat Operations,4400
2800,X2: The Threat,2100
2810,X3: Reunion,3600
2820,X3: Terran Conflict,5200
2840,X: Beyond the Frontier,2100
2850,X: Tension,2100
2870,X Rebirth,10600
2900,688(I) Hunter/Killer,3600
2910,Fleet Command,3600
2920,Sub Command,3600
2990,FlatOut 2â„?3600,
3010,Xpand Rally,unknown
3020,Call of Juarezâ„?4800,
3050,Xpand Rally Xtreme,unknown
3130,Men of War: Red Tide,2100
3170,King's Bounty: Armored Princess,3600
3200,Painkiller: Black Edition,3600
3230,Genesis Rising,2100
3260,Safecracker: The Ultimate Puzzle Adventure,2100
3300,Bejeweled 2 Deluxe,9900
3310,Chuzzle Deluxe,2100
3320,Insaniquarium Deluxe,2100
3330,Zuma Deluxe,9900
3340,AstroPop Deluxe,unknown
3350,Bejeweled Deluxe,unknown
3360,Big Money! Deluxe,unknown
3370,Bookworm Deluxe,unknown
3380,Dynomite Deluxe,unknown
3390,Feeding Frenzy 2 Deluxe,unknown
3400,Hammer Heads Deluxe,2100
3410,Heavy Weapon Deluxe,2100
3420,Iggle Pop Deluxe,2100
3430,Pizza Frenzy Deluxe,unknown
3440,Rocket Mania Deluxe,unknown
3450,Typer Shark! Deluxe,unknown
3460,Talismania Deluxe,unknown
3470,Bookworm Adventures Deluxe,unknown
3480,Peggle Deluxe,9900
3483,Peggle Extreme,free game
3490,Venice Deluxe,unknown
3500,Mystery P.I.â„?- The Lottery Ticket,unknown
3510,Amazing Adventures The Lost Tombâ„?unknown,
3520,Mystery P.I.â„?- The Vegas Heist,unknown
3530,Amazing Adventures Around the World,unknown
3540,Peggleâ„?Nights,9900
3560,Bejeweled Twist,unknown
3580,The Wizard's Penâ„?unknown,
3590,Plants vs. Zombies GOTY Edition,unknown
3600,Escape Rosecliff Island,unknown
3610,Mystery P.I. - Lost in Los Angeles,unknown
3620,Zuma's Revenge!,unknown
3630,Bookwormâ„?Adventures VolumeÂ 2,unknown
3700,Sniper Elite,3600
3710,Judge Dredd: Dredd vs. Death,3100
3720,Evil Genius,3600
3730,Aliens versus Predator Classic 2000,2100
3800,Advent Rising,3600
3810,BloodRayne,3600
3830,Psychonauts,3600
3900,Sid Meier's CivilizationÂ® IV,6400
3910,Sid Meier's CivilizationÂ® III Complete,1600
3920,Sid Meier's Pirates!,3200
4000,Garry's Mod,3600
4100,Poker Superstars II,unknown
4230,RACE - The WTCC Game,unknown
4240,RACE - The WTCC Game,unknown
4290,RACE: Caterham Expansion,unknown
4300,RoboBlitz,unknown
4420,Silverfall,3600
4460,City Life 2008,3600
4470,Silverfall: Earth Awakening,3600
4500,S.T.A.L.K.E.R.: Shadow of Chernobyl,6800
4520,Full Spectrum Warrior,3600
4530,Full Spectrum Warrior: Ten Hammers,3600
4540,Titan Quest,4800
4550,Titan Quest - Immortal Throne,4800
4560,Company of Heroes,6800
4570,"WarhammerÂ® 40,000: Dawn of WarÂ® - Game of the Year Edition",4200
4580,"WarhammerÂ® 40,000: Dawn of WarÂ® - Dark Crusade",4200
4700,Medieval II: Total Warâ„?6800,
4720,Condemned: Criminal Origins,4800
4760,Rome: Total Warâ„?- Collection,3600
4770,Rome: Total Warâ„?- Alexander,4200
4780,Medieval II: Total Warâ„?Kingdoms,4000
4800,Heroes of Annihilated Empires,unknown
4850,Cossacks: Back to War,unknown
4870,Cossacks: Art of War,unknown
4880,Cossacks: European Wars,unknown
4890,Cossacks II: Battle for Europe,unknown
4900,Zen of Sudoku,2100
4920,Natural Selection 2,3600
4932,Natural Selection 2,3600
6030,STAR WARSâ„?Jedi Knight II - Jedi Outcastâ„?3600,
6060,STAR WARSâ„?Battlefrontâ„?II,3600
6080,ThrillvilleÂ®: Off the Railsâ„?3600,
6129,Shank,3600
6200,Ghost MasterÂ®,2100
6300,Dreamfall: The Longest Journey,6900
6310,The Longest Journey,3600
6400,Joint Task Force,3600
6420,Nexus - The Jupiter Incident,3600
6510,Lost Planetâ„? Extreme Condition,6700
6600,Bullet Candy,unknown
6800,Commandos: Behind Enemy Lines,1800
6810,Commandos: Beyond the Call of Duty,1800
6830,Commandos 2: Men of Courage,1800
6840,Commandos 3: Destination Berlin,1800
6850,Hitman 2: Silent Assassin,2800
6860,Hitman: Blood Money,3400
6870,Battlestations: Midway,2800
6880,Just Cause,2800
6900,Hitman: Codename 47,2800
6910,Deus Ex: Game of the Year Edition,2800
6920,Deus Ex: Invisible War,2800
6980,Thief: Deadly Shadows,3400
7000,Tomb Raider: Legend,2800
7010,Project: Snowblind,2500
7020,Rogue Trooper,3600
7110,Jade Empireâ„? Special Edition,4800
7200,Trackmania United Forever Star Edition,12800
7210,"Runaway, A Road Adventure",3600
7220,"Runaway, The Dream of The Turtle",3600
7260,Loki,3600
7510,X-Blades,3600
7530,Two Worlds II Castle Defense,3600
7600,Sid Meier's Railroads!,3200
7670,BioShockâ„?6400,
7830,Men of Warâ„?2100,
7840,Death TrackÂ®: Resurrection,1500
7860,NecroVision,2100
7970,Cabela'sÂ® Big Game Hunterâ„?Trophy Bucks,6800
8000,Tomb Raider: Anniversary,3400
8080,Kane and Lynch: Dead Menâ„?2800,
8100,Conflict: Denied Ops,2500
8140,Tomb Raider: Underworld,3400
8170,Battlestations Pacific,3400
8190,Just Cause 2,4800
8230,Sam & Max 104: Abe Lincoln Must Die!,free game
8310,Bone: Out From Boneville,free game
8320,Bone: The Great Cow Race,free game
8330,Telltale Texas Hold â€˜Em,1500
8340,Strong Bad's Cool Game for Attractive People: Season 1,6800
8350,Strong Bad's Cool Game for Attractive People: Season 1,6800
8360,Strong Bad's Cool Game for Attractive People: Season 1,6800
8370,Strong Bad's Cool Game for Attractive People: Season 1,6800
8380,Strong Bad's Cool Game for Attractive People: Season 1,6800
8600,RACE 07,unknown
8790,GTR 2 FIA GT Racing Game,unknown
8850,BioShockÂ® 2,6400
8870,BioShock Infinite,9500
8930,Sid Meier's CivilizationÂ® V,9500
8980,Borderlands,6400
9000,Spear of Destiny,2100
9010,Return to Castle Wolfenstein,3600
9030,QUAKE Mission Pack 2: Dissolution of Eternity,2100
9040,QUAKE Mission Pack 1: Scourge of Armagon,2100
9050,DOOM 3,free game
9060,HeXen II,2100
9160,Master Levels for Doom II,free game
9180,Commander Keen,2100
9200,RAGE,6800
9219,RAGE,6800
9310,"WarhammerÂ® 40,000: Dawn Of WarÂ® â€?Winter Assault",4200
9340,Company of Heroes: Opposing Fronts,6800
9350,Supreme Commander,4800
9420,Supreme Commander: Forged Alliance,4800
9450,"WarhammerÂ® 40,000: Dawn of WarÂ® - Soulstorm",4200
9460,Frontlinesâ„? Fuel of Warâ„?6800,
9710,Desperados 2: Cooper's Revenge,3600
9730,Tycoon City: New York,3600
9760,Act of War: High Treason,1500
9800,Death to Spies,500
9850,Codename: Panzers - Cold War,4800
9870,Ghostbusters: The Videogame,3600
9880,Champions Online,free game
9900,Star Trek Online,free game
9930,Test Drive Unlimited 2,6800
9940,Blade Kitten,1500
9960,Haunted Houseâ„?2500,
9970,Star Raiders,3600
9980,The UnderGarden,2800
9990,Ghostbusters: Sanctum of Slime,3600
10110,Space Questâ„?Collection,1700
10120,Aces of the Galaxyâ„?3600,
10130,TimeShiftâ„?6800,
10150,Prototypeâ„?6800,
10220,Postal III,4800
10230,Dead Mountaineer's Hotel,3600
10240,A Stroke of Fate: Operation Valkyrie,3600
10250,PT Boats: Knights of the Sea,3600
10260,PT Boats: South Gambit,3600
10270,Disciples III: Reincarnation,6800
10400,SEGA Rally,unknown
10460,The Clubâ„?4800,
10500,Empire: Total Warâ„?6800,
10520,Beijing 2008â„?- The Official Video Game of the Olympic Games,unknown
10530,Space Siege,4800
11020,TrackMania Nations Forever,free game
11040,Sherlock Holmes - Nemesis,3600
11050,Dracula Origin,3600
11130,Sherlock Holmes: The Mystery of the Mummy,3600
11140,Sherlock Holmes: The Awakened - Remastered Edition,3600
11150,Sherlock Holmes: The Silver Earring,3600
11180,Sherlock Holmes: The Mystery of the Persian Carpet,3600
11190,Sherlock Holmes versus Jack the Ripper,3600
11200,Shadowgrounds Survivor,3600
11230,Gumboy Tournament,1500
11240,Space Trader: Merchant Marine,2100
11250,Pacific Storm,600
11260,Pacific Storm Allies,600
11280,Penguins Arena: Sedna's World,2500
11330,Obulis,2100
11340,Larva Mortus,2100
11360,Chains,2100
11370,Nikopol: Secrets of the Immortals,2100
11390,Crash Time 2,3600
11450,Overlordâ„?2100,
11480,Soldiers: Heroes of World War II,2100
11560,Maelstrom: The Battle for Earth Begins,2100
11590,Hospital Tycoon,2100
12100,Grand Theft Auto III,6300
12120,Grand Theft Auto: San Andreas,7600
12130,Manhunt,6300
12140,Max Payne,6300
12150,Max Payne 2: The Fall of Max Payne,6300
12160,Midnight Club 2,6300
12170,Grand Theft Auto,free game
12180,Grand Theft Auto 2,free game
12200,Bully: Scholarship Edition,6300
12210,Grand Theft Auto IV,9500
12220,Grand Theft Auto: Episodes from Liberty City,9500
12310,Culpa Innata,700
12320,Sacred Gold,3600
12330,Darkstar One,3100
12340,Jack Keane,unknown
12360,FlatOut: Ultimate Carnage,6800
12370,Jagged Alliance 2 Gold,6800
12380,Jagged Alliance 2 Gold,6800
12390,Exodus from the Earth ,4800
12420,Perimeter 2: New Earth,4800
12430,SlamIt Pinball Big Score,2100
12440,Ankh 2: Heart of Osiris ,2100
12450,Ankh 3: Battle of the Gods,3600
12460,BC Kings,2100
12470,Port Royale 2,2100
12480,9th Company: Roots Of Terror,3600
12500,PuzzleQuest: Challenge of the Warlords,3600
12510,Prison Tycoon 3â„? Lockdown,unknown
12520,18 Wheels of Steel: American Long Haul,3600
12530,Hunting Unlimitedâ„?2008,unknown
12540,Mahjongg Investigations: Under Suspicion,unknown
12560,Ride! Carnival Tycoon,unknown
12570,Hot Dish,unknown
12580,Dr. Daisy Pet Vet,unknown
12590,Sprint Cars Road to Knoxville,unknown
12600,Midnight Outlaw: 6 Hours to SunUp,unknown
12630,Legend - Hand of God,unknown
12640,Drakensang,unknown
12670,Mission Runway,unknown
12690,Hunting Unlimited 2010,unknown
12710,Overlordâ„? Raising Hell,3600
12750,GRIDâ„?4800,
12770,Rise of the Argonauts,3600
12810,Overlord II,3600
12830,Operation Flashpoint: Dragon Rising,3600
12900,AudioSurf,3600
13000,Ninja Reflex: Steamworks Edition,unknown
13140,America's Army 3,free game
13200,Unreal 2: The Awakening,4800
13210,Unreal Tournament 3 Black,6800
13230,Unreal Tournament 2004: Editor's Choice Edition,4800
13240,Unreal Tournament: Game of the Year Edition,3600
13250,Unreal Gold,3600
13500,Prince of Persia: Warrior Withinâ„?4800,
13520,Far CryÂ®,4800
13530,Prince of Persia: The Two Thronesâ„?4800,
13540,Tom Clancy's Rainbow SixÂ® Vegas,4800
13560,Tom Clancy's Splinter CellÂ®,2000
13570,Tom Clancy's Splinter Cell Chaos TheoryÂ®,4800
13580,Tom Clancy's Splinter Cell Double AgentÂ®,4800
13600,Prince of PersiaÂ®: The Sands of Time,4800
13620,Tom Clancy's Ghost ReconÂ® Desert Siegeâ„?2000,
13630,Tom Clancy's Ghost ReconÂ® Island Thunderâ„?2000,
17580,Dystopia,free game
21980,Call of JuarezÂ®: Bound in Blood,4800
22130,Hearts of Iron 2 Complete,4800
22140,Penumbra: Requiem,unknown
22380,Fallout: New Vegas,3600
22650,Alien Breed 2: Assault,3600
23310,The Last Remnantâ„?3600,
23420,Europa Universalis: Rome - Gold Edition ,3600
23460,Ceville,3600
23490,Tropico 3 - Steam Special Edition,3600
23600,Depths of Peril,3600
24460,King Arthur: Fallen Champions,2100
33620,Crash Time 3,3600
33750,Prison Tycoon 4: SuperMax,unknown
34274,Ecco the Dolphinâ„?1500,
34276,Golden Axeâ„?1500,
34278,Sonic 3D Blastâ„?2100,
34279,Space Harrierâ„?II,1500
36300,Cake Mania Main Streetâ„?unknown,
44690,GT Legends,unknown
45100,Secret of the Magic Crystals,2100
45400,Fortix,unknown
45500,Clickr,2100
45700,Devil May Cry 4,12700
45710,Dark Voidâ„?6400,
45720,Lost Planet: Extreme Condition Colonies Edition,9000
45730,Dark Voidâ„?Zero,3200
45740,Dead RisingÂ® 2,9000
45760,Ultra Street FighterÂ® IV,19100
55020,Air Forte,3600
55040,Atom Zombie Smasher,3600
55140,MX vs. ATV Reflex,6800
65540,Gothic 1,free game
65560,Painkiller Redemption,2100
65600,Gothic 3: Forsaken Gods Enhanced Edition,3600
65610,ArcaniA: Fall of Setarrif,4800
65710,Pat & Mat,3400
65730,Take On Helicopters,9900
65740,Carrier Command: Gaea Mission,16900
65780,ARMA: Gold Edition ,5400
65790,ARMA: Cold War Assault,2400
65800,Dungeon Defenders,4800
65930,The Bureau: XCOM Declassified,6400
65980,Sid Meier's CivilizationÂ®: Beyond Earthâ„?12700,
67000,The Polynomial - Space of the music,2800
67370,The Darkness II,9500
70000,Dino D-Day,3600
70100,Hacker Evolution,3600
70110,Hacker Evolution: Untold,unknown
70120,Hacker Evolution Duality,unknown
70200,Governor of Poker 2,3600
70210,Governor of Poker 2 - Premium Edition,6800
70300,VVVVVV,2100
70400,Recettear: An Item Shop's Tale,6800
70420,Chantelise - A Tale of Two Sisters,3600
70500,Diamond Dan,unknown
70640,Worms,3100
71000,Evochron Mercenary,6800
71110,ESWATâ„? City Under Siege,1500
71111,Flickyâ„?1500,
71112,Golden Axeâ„?II,1500
71113,Sonic the Hedgehog,2100
71114,Sword of Vermilionâ„?1500,
71117,Gunstar Heroes,1500
71118,Landstalker: The Treasures of King Nole,1500
71119,Light Crusader,1500
71120,Shining Force,1500
71160,Shining Force II,1500
71161,Shining in the Darkness,1500
71162,Sonic 3 and Knuckles,2100
71165,Streets of Rage 2,1500
71166,ToeJam & Earl,2100
71167,ToeJam & Earl in Panic on Funkotron,2100
71230,Crazy Taxi,3100
71260,Space Channel 5: Part 2,3100
72200,Universe Sandbox,3600
72400,Clones,3600
72500,Arcadia,unknown
72850,The Elder Scrolls V: Skyrim,6800
73010,Cities in Motion,6800
73020,Majesty 2 Collection,6800
73170,Darkest Hour: A Hearts of Iron Game,3600
73190,Pride of Nations,6800
78000,BejeweledÂ® 3,unknown
100400,Silo 2,20400
100410,CameraBag 2,8800
200020,Global Ops: Commando Libya,2100
200050,Naval War: Arctic Circle,6800
200370,A Game of Dwarves,3600
200390,Oil Rush,unknown
200410,SOL: Exodus,3100
200490,Memento Mori,6900
200510,XCOM: Enemy Unknown,9500
200550,Dungeons - The Dark Lord,6800
200630,Gettysburg: Armored Warfare,3600
200670,Disciples III - Resurrection,6800
200900,Cave Story+,4800
200910,Before the Echo,2100
200940,Sonic CD,2100
200960,Geneforge 1,free game
200980,Geneforge 2,free game
200990,Geneforge 3,free game
201000,Geneforge 4: Rebellion,free game
201010,Geneforge 5: Overthrow,free game
201040,Galcon Legends,2100
201070,Revelations 2012,unknown
201210,Pox Nora,free game
201230,EverQuestÂ® II Free-To-Play. Your Way.â„?free game,
201270,Total War: SHOGUN 2,8800
201271,Total War: Shogun 2 - Fall of the Samurai,8800
201290,Sins of a Solar EmpireÂ®: Trinity,1700
201420,Toki Tori 2+,4800
201480,Serious Sam: The Random Encounter,2100
201490,Airline Tycoon 2,6800
201510,Flatout 3: Chaos & Destruction,8800
201570,Really Big Sky,2100
201870,Assassin's CreedÂ® Revelations,6800
202090,Magicka: Wizard Wars,free game
202670,Nancy DrewÂ®: Alibi in Ashes,2800
202690,Hegemony Gold: Wars of Ancient Greece,4800
202710,Demigod,3600
202750,Alan Wake's American Nightmare,3600
202860,Real Warfare 2: Northern Crusades,2800
203140,Hitman: Absolutionâ„?6800,
203160,Tomb Raider,6800
203210,Titan Attacks!,3600
203250,Star Trek,9400
203290,America's Army: Proving Grounds,free game
203350,King's Bounty: Warriors of the North,4200
203510,Fortune Summoners,6800
203560,Containment: The Zombie Puzzler,2100
203630,Warlock - Master of the Arcane,7800
203650,Sonic the Hedgehog 4 - Episode II,4800
203680,F1 RACE STARSâ„?4800,
203750,Binary Domain,4800
203770,Crusader Kings II,11200
203810,Dear Esther,3600
203830,The Dark Eye: Chains of Satinav,7900
203990,SATAZIUS,2500
204030,Fable - The Lost Chapters,3600
204060,Superbrothers: Sword & Sworcery EP,3100
204080,The Showdown Effect,3600
204100,Max Payne 3,9500
204120,LEGO Harry Potter: Years 5-7,6800
204180,Waveform,500
204220,Snapshot,unknown
204240,The Bridge,3600
204300,Awesomenauts,3600
204340,Serious Sam 2,3600
204360,Castle CrashersÂ®,4800
204390,Pineapple Smash Crew ,3600
204440,Pickers,3600
204530,Infested Planet,4800
204560,Confrontation,6800
204580,Rotastic,3600
204630,Retro City Rampageâ„?DX,3600
204760,Deep Black: Reloaded,8800
204840,Babel Rising,4800
204860,Men of War: Condemned Heroes,3100
204880,Sins of a Solar EmpireÂ®: Rebellion,11200
204940,Crusader Kings Complete,3600
204960,Magical Drop V,unknown
205020,Lumino City,6800
205060,BIT.TRIP CORE,3600
205070,BIT.TRIP VOID,3600
205080,BIT.TRIP FATE,3600
205090,BIT.TRIP FLUX,3600
205100,Dishonored,6800
205190,Rocksmithâ„?12800,
205230,Hell Yeah! Wrath of the Dead Rabbit,4800
205270,3DMark 11,6800
205530,Gratuitous Tank Battles,3600
205550,Foreign Legion: Multi Massacre,3600
205610,Port Royale 3,6800
205650,The Testament of Sherlock Holmes,6800
205690,1000 Amps,2100
205710,Everquest Â®,free game
205730,Insanely Twisted Shadow Planet,4800
205810,Jagged Alliance: Crossfire,6800
205830,Luxor Evolved,3600
205840,Yesterday,3600
205870,Auditorium,unknown
205910,Tiny and Big: Grandpa's Leftovers,3600
205950,Jet Set Radio,2100
205990,Warlock 2: The Exiled,6800
206020,Avernum 4,free game
206040,Avernum 5,2100
206060,Avernum 6,2100
206190,Gunpoint,3600
206210,Gotham City Impostors Free to Play,free game
206230,Clan of Champions,11200
206250,Cladun X2,6800
206370,Tales From Space: Mutant Blobs Attack,3100
206410,Crazy Machines Elements,3600
206420,Saints Row IV,4800
206440,To the Moon,3600
206480,Dungeons & Dragons OnlineÂ®,free game
206500,AirMechÂ®,free game
206610,3SwitcheD,3600
206690,iBomber Defense Pacific,unknown
206760,Painkiller: Recurring Evil,3600
207000,Alien Spidy,3600
207020,Bang Bang Racing,3600
207040,Sine Mora,3600
207080,Indie Game: The Movie,3600
207140,SpeedRunners,4800
207150,Stellar Impact,unknown
207170,Legend of Grimrock,4800
207190,Fireburst,3600
207230,ArcheBladeâ„?free game,
207250,Cubemen,1800
207320,Ys: The Oath in Felghana,4800
207350,Ys Origin,6800
207370,eXceed - Gun Bullet Children,1500
207380,eXceed 2nd - Vampire REX,2500
207400,eXceed 3rd - Jade Penetrate Black Package,2500
207420,Wizorb,1500
207430,"Hack, Slash, Loot",2800
207490,RaymanÂ® Origins,4800
207530,Noitu Love 2: Devolution,2100
207570,English Country Tune,2100
207610,The Walking Dead,7800
207650,A Virus Named TOM,3600
207670,AVSEQ,unknown
207690,Botanicula,3600
207710,Bumbledore,2100
207730,Arena Wars 2,unknown
207750,Symphony,3400
207790,Jane's Advanced Strike Fighters,3600
207930,Sacred Citadel,3600
208030,Moon Breakers,free game
208110,Myst V,3600
208140,Endless SpaceÂ® - Emperor Edition,8800
208200,Doom 3: BFG Edition,6800
208400,Avernum: Escape From the Pit,3600
208460,Tryst,unknown
208480,Assassinâ€™s CreedÂ® III,8800
208500,F1 2012â„?6800,
208520,Omerta - City of Gangsters,6800
208580,STAR WARSâ„?Knights of the Old Republicâ„?II - The Sith Lordsâ„?3600,
208600,Lunar Flight,unknown
208620,Midnight Mysteries: Salem Witch Trials,3600
208630,Midnight Mysteries 3: Devil on the Mississippi,3600
208640,Midnight Mysteries 4: Haunted Houdini,3600
208650,Batmanâ„? Arkham Knight,11200
208670,Blades of Time,3600
208710,Colour Bind,unknown
208730,Game of Thrones,6800
208750,Apotheon,4800
208860,Mad Ridersâ„?4800,
209000,Batmanâ„? Arkham Origins,free game
209060,Drunken Robot Pornography,4800
209080,Guns of Icarus Online,6000
209190,Stealth Bastard Deluxe,3600
209230,Sherlock Holmes and The Hound of The Baskervilles,3600
209270,Hero Academy,2100
209330,A Valley Without Wind,free game
209360,All Zombies Must Die!: Scorepocalypse ,unknown
209370,Analogue: A Hate Story,3600
209390,Dungeonbowl - Knockout Edition,4800
209520,Mini Motor Racing EVO,unknown
209540,Strike Suit Zero,6800
209610,Roller Coaster Rampage,3600
209630,Magrunner: Dark Pulse,3600
209670,Cortex Command,6800
209690,Fieldrunners,2100
209730,R.A.W. Realms of Ancient War,4800
209750,Cannon Fodder 3,4800
209790,Splice,unknown
209830,Lone Survivor: The Director's Cut,4800
209850,Highborn,unknown
209950,Triple Town,3600
210150,Pole Position 2012,6800
210170,Spirits,3600
210230,Nancy Drew: Tomb of the Lost Queen,6800
211780,Conflict Desert Stormâ„?2800,
220090,The Journey Down: Chapter One,3400
222618,Train Simulator: East Coast Main Line London-Peterborough Route Add-On,8800
230780,articy:draft SE,24800
241910,Goodbye Deponia,7900
251390,Call of Cthulhu: The Wasted Land,2100
251790,Steel Storm A.M.M.O.,3600
252830,Claire,unknown
253150,Halfway,4200
253350,Tiny Barbarian DX,unknown
253370,Axis Game Factory's AGFPRO v3,3000
262150,Vanguard Princess,2100
262190,Zombeer,3600
262210,Last Knight: Rogue Rider Edition,3100
262240,SUGURI,2500
262260,Jets'n'Guns Gold,2800
262280,Dungeons 2,11200
262300,Tsukumogami,8800
262390,Cloudbuilt,6800
262410,World of Guns: Gun Disassembly,free game
262450,Dead Man's Draw,2800
262470,Rollers of the Realm,6300
262490,Manga Maker Comipo,13300
262550,Gunman Clive,1100
262590,Chuck's Challenge 3D,1800
262610,Liquid Rhythm,1900
262630,Tom vs. The Armies of Hell,unknown
262650,RaySupreme 3D,unknown
262690,Little Racers STREET,3100
262750,GoD Factory: Wingmen,6800
262770,Freedom Fall,3600
262790,Our Darker Purpose,4800
262830,Crimsonland,4500
262850,The Journey Down: Chapter Two,3800
262870,Recovery Search & Rescue Simulation,4800
262900,Smooth Operators,1500
262920,Super Chain Crusher Horizon,unknown
262940,Broken Sword 5 - the Serpent's Curse,7800
262960,Castle In The Darkness,2500
262980,C-RUSH,unknown
263020,STARWHAL,4000
263040,Bot Colony,unknown
263060,Blockstorm,2800
263080,Pixel Boy and the Ever Expanding Dungeon,2100
263100,9.03m,600
263120,Ludwig,3600
263180,Squirt's Adventure,unknown
263200,Signs of Life,3600
263280,SPINTIRESâ„?unknown,
263300,BlazBlue: Calamity Trigger,3600
263320,Saturday Morning RPG,2800
263340,Continue?9876543210,unknown
263360,3089 -- Futuristic Action RPG,2800
263380,Driftmoon,4800
263400,War of the Human Tanks,3600
263420,Probably Archery,2100
263460,Girls Like Robots,unknown
263480,Final Rush,2100
263500,Dragons and Titans,free game
263520,Enola,4800
263540,Villagers and Heroes,free game
263560,Paper Sorcerer,2100
263620,Mitsurugi Kamui Hikae,3600
263640,CDF Ghostship,5500
263680,Unearthed: Trail of Ibn Battuta - Episode 1 - Gold Edition,2100
263700,Muffin Knight,unknown
263740,FootLOL: Epic Fail League,2100
263760,Turbo Dismountâ„?3600,
263800,Spaceforce Constellations,3600
263820,EvilQuest,unknown
263860,SPACECOM,3600
263880,Aqua Kitty - Milk Mine Defender,2800
263920,Zombie Grinder,3400
263940,Red Baron Pack,3600
263960,Wyv and Keep: The Temple of the Lost Idol,4800
263980,Out There Somewhere,500
264000,Son of Nor,6800
264020,Geekbench 3,unknown
264060,Full Bore,4800
264080,Vangers,unknown
264120,Victory: The Age of Racing,free game
264140,Pixel Piracy,3600
264160,WazHack,3800
264200,One Finger Death Punch,2100
264220,Mr. Bree+,unknown
264240,CONSORTIUM,3600
264260,Global Outbreak: Doomsday Edition,3400
264280,99 Levels To Hell,2100
264300,Guns n Zombies,3100
264320,Captain Morgane and the Golden Turtle,2100
264340,Major Mayhem,unknown
264360,La Tale,free game
264380,Narcissu 1st & 2nd,free game
264400,Jacob Jones and the Bigfoot Mystery : Episode 1,unknown
264420,Comicado,unknown
264440,Children of Liberty,3600
264460,A-Men,3600
264480,BlackSoul: Extended Edition,2800
264520,Moebius: Empire Rising,4800
264540,Platformines,6200
264560,Quest for Infamy,3600
264580,Lost Civilization,1000
264690,Coin Crypt,3600
264710,Subnautica,6800
264730,Deadly 30,400
265000,FORCED SHOWDOWN,unknown
265120,Meridian: New World,600
265170,Acceleration of SUGURI X-Edition HD,2500
265210,Viscera Cleanup Detail: Santa's Rampage,900
265240,Crazy Machines: Golden Gears,3600
265300,Lords Of The Fallenâ„?13300,
265330,Gomo,2100
265380,Grimind,3600
265490,Songs2See,6800
265550,Dead Rising 3 Apocalypse Edition,19600
265590,The Red Solstice,6800
265610,Epic Battle Fantasy 4,4000
265630,Fistful of Frags,free game
265670,Imagine Me,unknown
265690,NaissanceE,4800
265750,Secret Ponchos,4800
265770,Cannons Lasers Rockets,free game
265790,Residue: Final Cut,2500
265810,The Sandbox,2100
265830,Monochroma,6800
265870,Alpha Kimoriâ„?1,2500
265890,Hexcells,1500
265930,Goat Simulator,3600
265950,Ether One,6800
265970,Worlds of Magic,5600
265990,Rogue's Tale,2100
266010,LYNE,1500
266030,DRAKERZ-Confrontation,free game
266070,City of Steam: Arkadia,free game
266090,Starlite: Astronaut Rescue - Developed in Collaboration with NASA,1500
266110,Tower of Guns,4800
266130,Breach & Clear,4800
266170,Windforge,unknown
266190,Astral Terra,5500
266210,One Way Heroics,1800
266230,Last Dream,3600
266250,Procyon,1800
266290,Helicopter Simulator 2014: Search and Rescue,2800
266310,GameGuru,6800
266330,Ethan: Meteor Hunter,3600
266370,Calibre 10 Racing,unknown
266390,Farm for your Life,3600
266410,iRacing,unknown
266430,Anarchy Arcade,free game
266450,Conquest of Champions,free game
266470,Dark Horizons: Mechanized Corps,4800
266490,Lili: Child of Geos - Complete Edition,3600
266510,Hand of Fate,7800
266550,Spark Rising,1100
266620,Line of Defense,3600
266840,Age of Mythology: Extended Edition,8800
266940,Alex Hunter - Lord of the Mind Platinum Edition,2800
266980,The Labyrinth of Time,2500
267060,Gravity Badgers,2100
267440,MAGIX Movie Edit Pro 2014 Plus,unknown
267490,Batmanâ„? Arkham Origins Blackgate - Deluxe Edition,6800
267610,Woodcutter Simulator 2013,3600
267670,Realms of Arkania 1 - Blade of Destiny Classic,1800
267730,Ground Pounders,4200
267750,Shadowrun Chronicles - Boston Lockdown,6800
267900,Guilty Gear Isuka,3600
267920,Gun Metal,3600
267980,Hostile Waters: Antaeus Rising,3600
268050,The Evil Within,15800
268200,Antisquad,2500
268220,Meltdown,2800
268240,Mechanic Escape,2100
268260,Let's Sing,4800
268320,Grapple,3100
268340,High Strangeness,2100
268360,Krautscape,3100
268400,Panzer Corps,6800
268420,Aura Kingdom,free game
268500,XCOMÂ® 2,19000
268520,Orc Attack: Flatulent Rebellion,3600
268540,The Whispered World Special Edition,1400
268650,From the Depths,6800
268670,The Memory of Eldurim,6800
268710,Zero Point,unknown
268750,Magicite,3600
268810,Paranormal State: Poison Spring,3600
268830,Doctor Who: The Adventure Games,6800
268850,EVGA PrecisionX 16,free game
268870,Satellite Reign,8800
268890,Masters of the World - Geopolitical Simulator 3,15800
268930,Malevolence: The Sword of Ahkranox,6800
268970,You Are Not The Hero,4800
269010,Science Girls,2100
269030,The Yawhg,3600
269050,Year Walk,unknown
269110,Super Motherload,4800
269150,Luxuria Superbia,2800
269210,Hero Siege,200
269230,Aces Wild: Manic Brawling Action!,3600
269250,WORLD END ECONOMiCA episode.01,4200
269270,LOVE,1500
269290,liteCam Game: 100 FPS Game Capture,unknown
269330,Chronology,unknown
269350,Montas,3600
269370,Reaper - Tale of a Pale Swordsman,2100
269430,Burning Cars,2500
269470,MorphVOX Pro - Voice Changer,11200
269490,Bardbarian,3100
269530,Voice of Pripyat,unknown
269550,Zoom Player Steam Edition,8800
269570,GTGD S1: More Than a Gamer,600
269590,Claustrophobia: The Downward Struggle,unknown
269610,Arcane Worlds,3600
269630,A Mass of Dead,unknown
269650,Dex,6800
269670,BADLAND: Game of the Year Edition,3600
269690,RymdResa,4000
269710,Tumblestone,unknown
269730,The Golf Club,8800
269770,Secrets of Grindea,4800
269810,Spate,unknown
269890,AR-K,3100
269990,Infinite Space III: Sea of Stars,3600
270010,Time Rifters,3600
270050,Quest of Dungeons,2100
270090,//N.P.P.D. RUSH//- The milk of Ultraviolet,1800
270110,Block Storyâ„?1500,
270130,The Gallery - Episode 1: Call of the Starseed,unknown
270150,RUNNING WITH RIFLES,5900
270170,Depression Quest,free game
270190,1HEART,unknown
270210,Melody's Escape,3600
270230,Prominence,6800
270310,Dominique Pamplemousse,2100
270330,Ku: Shroud of the Morrigan,2100
270430,Cypress Inheritance: The Beginning,2500
270450,Robot Roller-Derby Disco Dodgeball,3100
270490,The Forest of Doom,3600
270510,EPOCH,3600
270550,Yet Another Zombie Defense,1100
270570,Reversion - The Escape (1st Chapter),600
270590,Long Night,unknown
270630,Haunt the House: Terrortown,2100
270750,Realms of Arkania 2 - Star Trail Classic,1800
270760,Realms of Arkania 3 - Shadows over Riva Classic,1800
270770,Etherlords,2100
270790,Etherlords II,2100
270810,Jones On Fire,1500
270830,Global ATC Simulator,10000
270850,Car Mechanic Simulator 2014,2800
270880,American Truck Simulator,12500
270910,Worms World Party Remastered,4800
270950,Ski Region Simulator - Gold Edition,3600
271240,Offworld Trading Company,11200
271290,HAWKEN,free game
271360,Industry Giant 2,4800
271370,Transport Giant,4800
271500,Sniper Art of Victory,1500
271550,Tribloos 2,3600
271570,Space Farmers,3600
271590,Grand Theft Auto V,18900
271640,Humanity Asset,3600
271730,Light,4200
271760,Dungeon Lords Steam Edition,4800
271820,Card City Nights,1800
271860,Super Killer Hornet: Resurrection,2100
271900,Hexcells Plus,1500
271970,Hero and Daughter+,3600
271990,Dreamscape,3600
272010,Aveyond 3-1: Lord of Twilight,3600
272040,KAMI,1800
272060,Serena,free game
272230,Sub Rosa,unknown
272270,Torment: Tides of Numenera,12200
272300,CardFile3D,3600
272330,Shadow Blade: Reload,4800
272470,The Incredible Adventures of Van Helsing II,4800
272600,Detective Grimoire,2800
272670,Out of the Park Baseball 15,6800
272890,Vertiginous Golf,3600
272920,Rail Adventures,unknown
272990,GAUGE,1800
273030,Pro Rugby Manager 2015,3600
273070,The Last Federation,6800
273240,Gunhound EX,4800
273350,Evolve,12700
273390,Substance Painter,37500
273500,Over 9000 Zombies!,3600
273550,Subnautica Terrain Test,free game
273600,Descent: FreeSpace â€?The Great War,2500
273620,Freespace 2,3600
273730,Driving School Simulator,4800
273740,Extreme Roads USA,3600
273750,Formula Truck 2013,4800
273760,Towtruck Simulator 2015,3600
273770,Game Tycoon 1.5,1500
273790,Agricultural Simulator 2012: Deluxe Edition,3100
273820,Mining & Tunneling Simulator,3600
273830,Aviator - Bush Pilot,3600
273840,Stock Car Extreme,6800
273850,Ski-World Simulator,3600
273860,Snowcat Simulator,3100
273940,Warehouse and Logistics Simulator,3600
274010,Ship Simulator: Maritime Search and Rescue,6000
274130,Rambo The Video Game,7800
274170,Hotline Miami 2: Wrong Number,4800
274190,Broforce,4800
274230,RONIN,4200
274250,OlliOlli,4200
274270,NOT A HERO,4200
274290,Gods Will Be Watching,3600
274310,Always Sometimes Monsters,3600
274480,Drox Operative,6800
274500,Brigador,6800
274520,Darkwood,4800
274560,Revolution Ace,100
274620,Skara - The Blade Remains,unknown
274700,868-HACK,2500
274880,Jet Car Stunts,2800
274900,Murder Miners,unknown
274920,FaceRig,4800
274940,Depth,7800
274960,Tech Executive Tycoon,unknown
274980,Influent,3600
275060,Alone in the Dark: Illuminationâ„?6800,
275080,Post Master,2100
275100,Shelter 2,4800
275180,Costume Quest 2,1500
275200,Westerado: Double Barreled,4800
275290,Graviteam Tactics: Operation Star,1700
275310,Victorian Admirals,1700
275330,Anmynor Puzzles,700
275350,Sentinel 3: Homeworld,2800
275390,Guacamelee! Super Turbo Championship Edition,4800
275470,Chip,2800
275490,Canyon Capers,2800
275510,Z Steel Soldiers,4200
275530,Z,2800
275610,"Warhammer 40,000: Kill Team",3600
275670,Space Run,7500
275810,7 Wonders of the Ancient World,2800
275830,7 Wonders: Magical Mystery Tour,2800
277230,MAGIX Audio Cleaning Lab 2014,unknown
286140,Eidolon,4800
286280,Steel Armor: Blaze of War,6100
295590,Hero Generations,4800
296220,Farm Frenzy 4,unknown
296490,GemCraft - Chasing Shadows,3600
297000,HeroesÂ® of Might & MagicÂ® III - HD Edition,6800
297020,The Culling Of The Cows,4200
316930,Kings of Kung Fu,3600
318690,Cargo 3,unknown
327740,Tron 2.0,3600
327860,Salt,4800
327880,Sublevel Zero,4800
327890,I am Bread,4200
327910,7th Legion,2800
327920,BloodNet,2800
327930,Darklands,2800
327940,Dragonsphere,2800
327950,Sword of the Samurai,2800
327960,Journey of the King,unknown
327980,Dragon Fantasy: The Volumes of Westeria,3600
328060,Tales Runner,free game
328070,Reflex,3600
328080,Retro-Pixel Castles,3600
328100,Gunspell - Steam Edition,4800
328220,Wild Season,5500
328270,Leviathan: The Last Day of the Decade,4800
328310,Logistics Company,4800
328430,Rex Nebular and the Cosmic Gender Bender,2800
328440,Deadlock: Planetary Conquest,2800
328450,Deadlock II: Shrine Wars,300
328460,Redline,2800
328470,Slave Zero,2800
328500,Potatoman Seeks the Troof,900
328510,Monsters & Monocles,unknown
328550,Thieves' Gambit: The Curse of the Black Cat,1500
328650,Knight of the Hamsters,unknown
328670,Deer Hunt Legends,2100
328680,Crab Cakes Rescue,2800
328710,One Last Day,5000
328730,Letter Quest: Grimm's Journey,unknown
328740,Bit Odyssey,2100
328760,SanctuaryRPG: Black Edition,3100
328780,Vampires: Guide Them to Safety!,unknown
328830,Rugby Union Team Manager 2015,6800
328870,Draft Day Sports Pro Basketball 4,6800
328880,Space Legends: At the Edge of the Universe,3600
328890,Fritz for Fun 13,6800
328900,B-17 Flying Fortress: The Mighty 8th,2800
328920,F-117A Nighthawk Stealth Fighter 2.0,2800
328990,Koya Rift,unknown
329000,Data Hacker: Corruption,1500
329020,Battlegrounds of Eldhelm,free game
329040,Dungeon Kingdom: Sign of the Moon,6500
329050,Devil May CryÂ® 4 Special Edition,9800
329110,Gems of War,free game
329130,Reassembly,4800
329200,Astray,2800
329240,The Weaponographist,3600
329280,Avalon Lords: Dawn Rises,unknown
329310,Tile Miner,unknown
329320,QbQbQb,2100
329380,Stealth Inc 2: A Game of Clones,4800
329430,State of Decay: YOSE Day One Edition,8800
329440,Sonic Lost World,8800
329460,JumpJet Rex,3600
329480,Snow Light,3600
329490,Phantom Breaker: Battle Grounds,4000
329610,R.B.I. Baseball 15,unknown
329620,Across the Rhine,2800
329630,Command HQ,2800
329640,Eradicator,2800
329650,NAM,2800
329670,Silent Service 2,2800
329680,Task Force 1942: Surface Naval Action in the South Pacific,2800
329690,BasketBelle,2100
329770,4089: Ghost Within,2500
329790,Krosmaster Arena,free game
329830,The Moon Sliver,1100
329860,Catlateral Damage,3600
329890,MyRPG Master,11200
329950,The Slaughtering Grounds,600
329970,KeeperRL,4800
330000,Kingdoms CCG,free game
330160,Substance Designer 5 Indie,37900
330350,Robotex,2100
330570,Noct,3600
330620,It's A Wipe!,2100
330660,Luna's Wandering Stars,3600
330680,Solar Struggle,2500
330760,Running Shadow,free game
330770,Radial-G : Racing Revolved,4200
330820,Read Only Memories,3600
331340,Tulpa,3600
331360,Heavy Metal Machines,free game
331440,bit Dungeon II,1800
331450,Disneyâ€¢Pixar Finding Nemo,3600
331460,Rooms: The Unsolvable Puzzle,4800
331470,Everlasting Summer,free game
331500,Executive Assault,4200
331570,Wimp: Who Stole My Pants?,unknown
331610,Movie Studio Boss: The Sequel,3600
331710,Why So Evil,800
331720,Survivor Squad: Gauntlets,3400
331750,Disneyâ€¢Pixar WALL-E,6800
331760,Supreme League of Patriots,2500
331790,Data Hacker: Reboot,2100
332070,School of Dragons,free game
332310,LEGOÂ® Worlds,4800
332330,PixelJunkâ„?Shooter Ultimate,3600
332360,Spriter Pro,15800
332370,Miko Gakkou Monogatari: Kaede Episode,3400
332540,We Slay Monsters,2100
332630,The Guilt and the Shadow,3400
332790,Darkness Assault,1000
333120,Inside The Gear,2100
333220,Cherry Tree High I! My! Girls!,1800
333290,Mos Speedrun 2,unknown
333350,Cults and Daggers,8800
333380,SilverQuest: Gaiden,2500
333390,Tales of Aravorn: Seasons Of The Wolf,7800
333510,Isbarah,4500
333540,Neocolonialism,1800
333580,"Slow Down, Bull",1100
333600,NEKOPARA Vol. 1,3600
333640,Caves of Qud,3600
333690,Epanalepsis,2800
333730,Dark Gates,1800
333820,Out of the Park Baseball 16,6800
333830,Franchise Hockey Manager 2,8800
333870,Feel-A-Maze,2100
333930,Dirty BombÂ®,free game
333950,Medieval Engineers,6800
333970,A Druid's Duel,3100
334030,Epic Arena,free game
334070,Hektor,6800
334120,Armikrog,7800
334140,Roche Fusion,4000
334210,Fortified,4800
334230,Town of Salem,2100
334300,Fake Colours,1500
334410,JUMP,unknown
334420,Out There: Î© Edition,3600
334470,Adventures of Robinson Crusoe,3600
334670,Moving Hazard,unknown
334830,Entropy Rising,1600
334840,Drive to Hell,unknown
334980,Into Blue Valley,unknown
335000,Tormentum - Dark Sorrow,4000
335010,Steam and Metal,unknown
335070,VRC PRO,12200
335090,Goscurry,3100
335200,ManaCollect,2800
335220,But to Paint a Universe,2500
335240,Transformice,free game
335320,Bet On Soldier,3100
335430,Grimoire: Manastorm,3600
335700,I am Weapon: Revival,4500
335890,Nanofights,unknown
336080,Vietnam â€?5,3600
336090,Sky Mercenaries,3600
336100,Rooster Teeth vs. Zombiens,unknown
336110,Bloody Streets,2100
336130,Shardlight,unknown
336150,Virtual Pool 4,7800
336160,Monsters!,unknown
336200,Starlaxis Supernova Edition,unknown
336210,Just Death,4800
336220,ORBITOR,4800
336230,Way to Go!,2100
336250,Monster Jam Battlegrounds,unknown
336510,Anno Online,free game
336700,Elastrix,unknown
336770,Pilot Brothers 2,2100
336790,KWAAN,5800
336930,Redux: Dark Matters,4200
337070,"Dimmdrive :: Gaming Ramdrive @ 10,000+ MB/s",8800
337110,Bard to the Future,2100
337150,Sentinels of the Multiverse,4800
337220,Guild Commander,unknown
337270,Ostrich Island,2100
337280,Planetship,1700
337320,Paint the Town Red,3600
337350,Flywrench,3600
337450,Dream Tale,2100
337700,deORBIT,2800
337730,Battletank LOBA,3600
337820,The Mims Beginning,6800
337880,One Late Night: Deadline,3800
337960,ClusterPuck 99,3600
337970,Wildlife Park - Wild Creatures,2500
337980,Vagrant Hearts,300
338000,Echoes+,free game
338030,Mission Control: NanoMech,unknown
338040,Bears Can't Drift!?,4200
338050,Anoxemia,1800
338060,Mahjong Pretty Girls Battle,4800
338070,ãƒ«ãƒŠãƒ†ã‚£ãƒƒã‚¯ãƒ‰ãƒ¼ãƒ?ãƒ¬ã‚¸ã‚§ãƒ³ãƒ‰ãƒ‘ãƒƒã‚¯,10000
338110,Khaba,unknown
338260,Usagi Yojimbo: Way of the Ronin,2100
338300,Disney's Chicken Little: Ace in Action,6800
338400,Teenage Mutant Ninja Turtlesâ„? Mutants in Manhattan,unknown
338420,Alum,3600
338440,BOMB Dedicated Server,unknown
338530,Trouble In The Manor,600
338540,Navy Field 2 : Conqueror of the Ocean,free game
338550,Terra Lander,2500
338590,The Race for the White House,4800
338600,CyberLink PowerDVD 15 Ultra,69900
338630,Wildlife Camp,2800
338710,Urja,unknown
338800,Seven Kingdoms 2 HD,1200
338810,Demise of Nations: Rome,free game
338830,Star Nomad,1100
338840,Hollow's Land,unknown
338890,Harold,3600
338930,TRANSFORMERS: Devastation,unknown
338980,MOAI: Build Your Dream,2800
339000,Ukrainian Ninja,1100
339120,Fork Parker's Holiday Profit Hike,free game
339130,Morningstar: Descent to Deadrock,3600
339160,Tales of the Orient: The Rising Sun,2800
339190,Dead Synchronicity: Tomorrow Comes Today,7900
339200,Oceanhorn: Monster of Uncharted Seas,4800
339210,RESCUE 2: Everyday Heroes,6800
339240,10 Years After,unknown
339320,Snake Blocks,2100
339340,Resident Evil 0 / biohazard 0 HD REMASTER,12700
339350,Choice of Robots,2100
339400,Runestone Keeper,3600
339440,Critical Annihilation,3600
339460,A Pixel Story,unknown
339470,Retention,600
339500,Blasted Fortress,2100
339510,Psy High,1500
339530,Origins of Malu,unknown
339540,Artizens,unknown
339560,Man Alive,2100
339570,Enemy,4800
339590,Crowman & Wolfboy,1800
339640,Jagged Alliance Online: Reloaded,3600
339690,Paperbound,3600
339700,"I, Gladiator",unknown
339790,rFactor,7800
339800,HuniePop,3600
339820,Starwalker,unknown
339830,The Church in the Darkness â„?unknown,
339840,The Moment of Silence,4800
339850,Overclocked: A History of Violence,4800
339860,AoF World Online,3600
339961,SONAR Platinum,unknown
340030,Dungeon of gain,unknown
340050,Survivalist,2100
340070,Battle Ranch,2800
340120,Moorhuhn (Crazy Chicken),unknown
340130,Moorhuhn Invasion (Crazy Chicken Invasion),unknown
340210,Predestination,8800
340220,Shadows of War,1500
340270,TIMEframe,3100
340280,Cubot,1100
340290,Dr.Green,unknown
340300,Teddy Floppy Ear - Mountain Adventure,2100
340310,Teddy Floppy Ear - Kayaking,2100
340320,Sinless + OST,2100
340330,Deity Quest,3600
340340,Domestic Dog Simulator,1500
340350,Quintet,free game
340360,Tomb of Tyrants,3100
340380,Pizzarian,unknown
340390,Abomination Tower,2100
340400,Lucid Awakening 2,unknown
340410,SuperBike TT,4200
340440,Grand Class Melee 2,3600
340450,Crashed Lander,2100
340460,Spartans Vs Zombies Defense,free game
340470,You Are Not A Banana,1100
340480,Project Green Beat,2100
340490,Subterrain,4800
340520,Tallowmere,1000
340530,Soccer Legends,6800
340540,TDP4:Team Battle,free game
340550,Crunch Time!,600
340570,WolfWars,unknown
340580,Armed with Wings: Rearmed,3100
340600,The Depths of Tolagal,2100
340630,Ninja Guy,unknown
340650,Elements: Soul of Fire,3100
340680,Bunny Bash,unknown
340700,Aqua Panic !,3100
340720,The Tiny Tale 2,2800
340730,Sunrider Academy,1700
340750,Gunslugs 2,2100
340770,Death Goat,1500
340810,Deepworld,free game
340820,Yelaxot,unknown
340830,Razenroth,2100
340860,RaidersSphere4th,6800
340880,Solar War,6800
340950,Let There Be Life,unknown
340960,Pulsen,6500
340990,Disney Bolt,6800
341000,Mad Games Tycoon,4800
341010,Pluck,unknown
341020,Finding Teddy 2,4800
341030,Colonial Conquest,3600
341040,Wars Across The World,unknown
341060,The Lady,1200
341070,Stay Dead Evolution,2500
341080,NeXus: One Core,2100
341190,Hotline Miami 2: Wrong Number Digital Comic,free game
341270,Samphi,unknown
341360,Paparazzi,unknown
341390,Vulture for NetHack,1500
349780,Fatty Maze's Adventures,unknown
349980,Gremlin Invasion: Survivor,unknown
350010,Time Mysteries: Inheritance - Remastered,3600
350020,The Gate,free game
351060,Outpost 13,6000
351220,Tower of Eglathia,unknown
351230,Counter Spell,2800
353560,Plug & Play,1500
360510,Into the Stars,6800
360520,Hypt,3100
360530,WE ARE DOOMED,3600
360550,Cursed Sight,2800
360590,"Once Bitten, Twice Dead!",unknown
360620,Spellsworn,3600
360720,Soda Star,1800
360790,MAGIX Audio Cleaning Lab 2016,15800
360840,Lumini,4200
360870,Ultimate Tic-Tac-Toe,free game
360890,The Lost Valley,2100
360940,The Mean Greens - Plastic Warfare,3600
360950,Descent: Underground,5800
360990,Ongaku,unknown
361040,Doom & Destiny Advanced,3600
361190,Sparkle 3 Genesis,2100
361200,COAST GUARD,6800
361250,Strange Space,unknown
361280,Turmoil,3600
361350,Skyhook,2100
361600,Luna Sky,4200
361640,Disney Infinity 3.0: Play Without Limits,free game
361680,Knight & Damsel,3600
361690,STAR WARSâ„?X-Wing vs TIE Fighter - Balance of Power Campaignsâ„?3600,
361800,Tree of Life,6800
361850,Portal of Evil: Stolen Runes Collector's Edition,2500
361930,Farm Frenzy: Hurricane Season,unknown
361950,MOAI 2: Path to Another World,3100
362070,Metal Reaper Online,free game
362090,Siralim,3600
362130,Ashes of Immortality,3600
362140,Ashes of Immortality II,2800
362290,The Living Dungeon,6800
362310,Dungeon League,3600
362350,Boss Monster,unknown
362490,Exanima,4800
362610,High On Racing,2100
362680,Fran Bow,4800
371880,Collider,2200
372030,Starship Rubicon,3600
373110,Temper Tantrum,300
373140,Grail to the Thief,1500
374080,Falcon,2800
374120,Fork Truck Challenge,unknown
382970,RISK - The Game of Global Domination,2800
393240,Sir! I'd Like To Report A Bug!,unknown
393290,Motorhead,2100
393320,Typing Instructor Platinum 21,8800
393330,Typing Instructor for Kids Platinum 5,6800
393340,Professor Teaches Photoshop Creative Cloud,unknown
393350,Shu's Garden,2100
393390,Cat Simulator,1500
393410,World of Soccer online,free game
393420,Hurtworld,7800
393460,Crazy Pixel Streaker,4000
393540,TNN Motorsports Hardcore TR,unknown
393550,The Journey Back,1100
393600,Robot Exploration Squad,1500
393610,ROOT,3600
393660,Streamline,1500
393740,Synchrom,3600
393920,Auto Dealership Tycoon,2500
393950,Get Over Here,3600
393980,Pretty Girls Mahjong Solitaire,4800
394030,Trigonarium,unknown
394140,Sound Shift,1500
394220,Last Horizon,2100
394260,Dance Magic,3600
394270,Country Tales,unknown
394280,Dark Heritage: Guardians of Hope,3600
394290,Tennis in the Face,2100
394310,Punch Club,3600
394360,Hearts of Iron IV,unknown
394390,Daydreamer,3800
394430,Dimension Drive,unknown
394450,"Warhammer 40,000: Deathwatch - Enhanced Edition",7800
394480,Ringies,1800
394510,HELLDIVERSâ„?6800,
394540,Spaceport Hope,3100
394550,Gunman Clive 2,1500
394600,Mighty Gunvolt,2100
394680,Mountain Crime: Requital,1500
394690,Tower Unite,unknown
394700,Karma. Incarnation 1,unknown
394760,Dead Effect 2,5200
394770,Owys,600
394830,One Upon Light,4000
394840,Mars Colony: Frontier,3600
394850,Square Brawl,2100
394870,Office Battle,600
394960,The Facility,unknown
394970,DEADBOLT,unknown
394990,Habitus,3400
395100,Systematic Immunity,unknown
395140,Miracle Fly,3100
395150,Dark Storm VR Missions,3600
395160,Toby: The Secret Mine,3600
395170,DISTRAINT,2100
395190,Reiner Knizia's The Confrontation,6800
395200,Ben and Ed,3600
395250,The Adventures of Fatman,1800
395270,A Wolf in Autumn,1100
395300,Voxel Blast,4000
395350,Doors,2100
395380,ANKI,600
395400,Freedom Cry,500
395420,The Dwarf Run,1700
395480,Mr Makeshifter,3100
395520,Missing Translation,free game
395550,Operation Hardcore,2500
395560,Lost Horizon 2,11200
395570,We Are The Dwarves,7900
395580,Inventioneers,2800
395600,Armor Clash,4000
395640,Velocity Stream,4800
395850,Bear Simulator,4800
395860,The Last Dream: Developer's Edition,3600
395890,Lapland Solitaire,2100
395900,Backgammon Blitz,3600
395910,Get Rich or Die Gaming,unknown
395920,Playing History - The Plague,unknown
395930,Farm Frenzy: Heave Ho,unknown
395960,Ø¹Ø§Ù„Ù… Ø£Ø±ÙŠØ¨,34900
395980,Break Into Zatwor,400
396010,The Rise of Chubtan,3100
396030,InCell VR,free game
396060,The Rose and I,free game
396090,Rogue State,4200
396160,Secret Of Magia,100
396230,VERSUS: The Lost Ones,1800
396310,Masochisia,3100
396320,Tank Battle: 1944,3200
396360,LowcoBall,600
396390,Barbie and Her Sisters Puppy Rescue,6800
396400,Monster High: New Ghoul in School,4800
396450,One-eyed Jak,unknown
396480,Battlestation: Harbinger,3600
396530,Fireflies,1100
396540,Cliffs of War: Fortress Defenders,2800
396590,CMYW,1800
396650,ACE Academy,7800
396730,gShift,1500
396800,12 Labours of Hercules IV: Mother Nature (Platinum Edition),1500
396820,Mass Destruction,unknown
396850,Chronicles of the Witches and Warlocks,2500
396860,Over The Hills And Far Away,3400
396900,GRIP,5200
397020,Ironkraft - Road to Hell,3600
397040,Sphere III: Enchanted World,free game
397060,Faeria,9200
397180,Command: Northern Inferno,6800
397200,Deliverance,unknown
397210,Kanji Training Game,2100
397240,Troubles Land,2100
397270,A Kiss For The Petals - Remembering How We Met,3100
397320,CTU: Counter Terrorism Unit,unknown
397330,Little Big Adventure - Enhanced Edition,2500
397350,Lords of the Realm II,1500
397360,Magician's Apprentice,3600
397390,Space Food Truck,6000
397400,HueBots,unknown
397420,Hoyle Official Card Games,3400
397430,Zoombinis,3600
397440,Lost Legends: The Weeping Woman Collector's Edition,4800
397460,The Jackbox Party Pack 2,7800
397500,Labyronia RPG 2,500
397570,Shmadow,1100
397580,Moonbase 332,2100
397620,GooCubelets,800
397640,Nulldrifters,1100
397670,Run Run And Die,200
397700,Urizen Shadows of the Cold,1800
397720,Romance of the Three Kingdoms Maker / ä¸‰å›½å¿—ãƒ„ã‚¯ãƒ¼ãƒ?free game,
397740,Hylics,1500
397770,Meridian: Age of Invention,1500
397830,Zxill: A Legend of Time,2800
397840,Car Mechanic Manager,2100
397860,Carnivore Land,4200
397870,Arcane Sorcery,2800
397940,No Time To Live,1100
397950,Clustertruck,unknown
397960,Mystery Expedition: Prisoners of Ice,unknown
397970,Abandoned: Chestnut Lodge Asylum,unknown
398000,Little Big Adventure 2,1800
398020,Colony Assault,3100
398070,Protoshift,1100
398160,Shapes of Gray,2800
398170,Evochron Legacy,7800
398210,BlackShadows,1500
398480,Louie Cooks,unknown
398530,Ghost Cleaner,2500
398900,Fjall,1500
398920,Tisnart Tiles,2500
399040,Legends of Solitaire: Curse of the Dragons,3400
399140,Straima,1700
399180,Actua Golf 3,unknown
399230,Kitchen Simulator 2015,1300
399260,Alice's Mom's Rescue,1100
399270,Quick Slick Deadly,1500
399420,The Prism,2500
399430,Tinboy,unknown
399520,Comedy Quest,free game
399530,Hyspherical 2,1800
399580,Nuclear Shot,unknown
399610,MAGIX Movie Edit Pro 2016 Plus,63500
399640,Flamebreak,3600
399660,Battle Battalions,free game
399670,Game Corp DX,1500
399780,Expand,2500
399820,Kopanito All-Stars Soccer,3600
399890,The Secret Order 2: Masked Intent,3600
399900,Mad Snowboarding,3400
399910,Ookibloks,2100
399920,Blowy Fish,1100
400030,Cloney,free game
400040,ShareX,free game
400110,Else Heart.Break(),7800
400130,Freedom Poopie,unknown
400160,Concrete Jungle,4200
400170,The Incredible Adventures of Van Helsing: Final Cut,12200
400220,Bass Blocks,2100
400230,StarForce: 2193,600
400240,The Deer,600
400250,Heaven Island - VR MMO,600
400360,Adam's Venture: Origins,unknown
400370,Normality,2500
400450,NeuroVoider,unknown
400470,The Seven Years War (1756-1763),6800
400500,MadOut Ice Storm,2800
400580,Black Closet,6800
400660,Reverse Crawl,2500
400740,VERGE:Lost chapter,1100
400750,Gates of Hell,unknown
400880,Ultimate Rock Crawler,2100
400940,Budget Cuts,unknown
401090,MODO indie 901,4800
401120,Anode,2100
401170,Birth of Shadows,2100
401190,Dinosaur Hunt: Africa Contract,600
401200,Invisible Apartment 2,3100
401210,Puzzle Sages,1100
401250,Zulu Response,unknown
401280,Nubs' Adventure,2800
401290,Nusakana,4000
401330,Akuatica,3600
401360,The Aquatic Adventure of the Last Human,3600
401420,Match 3 Revolution,unknown
401550,Legena: Union Tides,2100
401560,Broadside,2100
401680,POSTAL Redux,unknown
401690,Life in Bunker,5200
401780,Driveby Gangster,1800
401810,Poi,4800
401840,ChargeShot,3600
401890,ARSLAN: THE WARRIORS OF LEGEND,15800
402000,The Room of Black & White,2100
402030,Zenohell,3600
402040,The Guest,unknown
402060,Californium,3600
402120,Deathstate,4800
402150,String Theory,3400
402160,Star Command Galaxies,4800
402170,Puzzle Ball,1500
402180,Sakura Swim Club,3600
402190,Gamer Simulator,2100
402210,Airport Madness: Time Machine,1400
402220,Lift It,2100
402300,Dungeon Manager ZV,3600
402310,Overfall,3600
402330,Press X to Not Die,1800
402340,Blue Rider,unknown
402390,Hyperdrive Massacre,3600
402530,The Last Door: Season 2 - Collector's Edition,3100
402560,Tabletopia,unknown
402620,Kindred Spirits on the Roof,10000
402630,The Coma: Cutting Class,3600
402670,Space Thinger,2100
402840,Crusaders of the Lost Idols,free game
402850,Miner Mayhem,600
402890,Nyctophilia,free game
402970,Fringes of the Empire,6800
402980,Osteya,2500
403010,The Ultimate Showdown,1500
403040,Driver Booster 3 for STEAM,free game
403070,Silver Creek Falls: Chapter 2,2100
403090,Rescue Team 2,2100
403100,Rescue Team 3,2100
403120,THE GAME OF LIFE - The Official 2016 Edition,2100
403170,Titan,1500
403180,Draw a Stickman: EPIC 2,2100
403190,Planetbase,6800
403200,Legends of Dawn Reborn,8800
403230,ZombieZoidÂ® Zenith,3600
403270,Cloudrift,3600
403300,GravBlocks,1800
403440,Evil Hazard,1500
403460,SkyScrappers,4200
403470,MAGIX PC Check & Tuning 2016,31700
403510,Fairy Tale Mysteries 2: The Beanstalk,1000
403560,Eaten Alive,600
403570,Stigmat,2100
403660,Omnipresent,4000
403670,Lumber Island - That Special Place,2100
403680,Dexterity Ball 3Dâ„?2800,
403690,Codename: Rogue Fleet,free game
403700,Zero Punctuation: Hatfall - Hatters Gonna Hat Edition,2100
403740,GabeN: The Final Decision,1500
403780,Color Symphony 2,3600
403830,The Consuming Shadow,3600
403840,Stacks TNT,2100
403850,Sky To Fly: Faster Than Wind,1800
403860,ALPAGES : THE FIVE BOOKS,600
403880,MotoGPâ„?5 Compact,3600
403900,Clergy Splode,600
403940,Dungelot: Shattered Lands,3600
403950,Conquest of Elysium 4,5000
403980,World Ship Simulator,4800
404030,Lucky Rabbit Reflex!,6800
404040,Lords of Magic: Special Edition,2100
404080,Murder,1500
404100,STEEL STRIDER,2500
404150,Lovely Weather We're Having,3100
404200,WARTILE,unknown
404230,MAGIX Music Maker 2016,37900
404270,All My Gods,1800
404290,Fire & Forget - The Final Assault,1500
404370,Tracks and Turrets,3800
404400,BADBLOOD,3100
404410,Endless Sky,free game
404420,Sun Dogs,3600
404460,Melter Man,1500
404480,SC2VN - The eSports Visual Novel,free game
404510,Heaven's Hope - Special Edition,6100
404550,Dead Acres,2100
404580,Relive,free game
404620,The Political Machine 2016,1800
404630,One Hundred Ways,3600
404640,Game Tycoon 2,3600
404660,Vicky Saves the Big Dumb World,1100
404690,This Book Is A Dungeon,2500
404700,Curvatron,1500
404750,Carrotting Brain,3400
404790,Godot Engine,free game
404810,Escape from Puzzlegate,1100
404820,Ragdoll Runners,unknown
404850,DARTHY,2100
404860,Inside Me,3600
404890,U-Boats,2100
404920,Emergency 2016,11200
405000,UTOPIA 9 - A Volatile Vacation,4000
405010,Bitardia,2800
405040,Cold Dreams,700
405050,Fill Up!,300
405070,The Worm,2100
405180,123 Slaughter Me Street,3100
405240,Queen Under The Mountain,8800
405310,LEGOÂ® MARVEL's Avengers,13300
405370,Sky Break,4800
405470,Audials One Suite 2016,19900
405540,Ninja Senki DX,2100
405550,Jet Set Knights,3600
405590,Stone Tales,2500
405610,Flight of the Paladin,1500
405640,Pony Island,2100
405650,Zero Reflex,1500
405680,Sentou Gakuen: Revival,free game
405690,Audials Moviebox 2016,13900
405700,Audials Tunebite Platinum 2016,15900
405720,Perfect Universe,2700
405780,Alpha Polaris : A Horror Adventure Game,4000
405810,Valzar,3600
405820,Turok,6800
405840,Maya LT (with Stingray),17000
405860,Super Ubie Island REMIX,3600
405900,Disgaea PC,6800
405950,Lowglow,3100
405960,Sunken,3600
405980,Legend of Dungeon: Masters,free game
406030,Professor Teaches Word 2016,4800
406040,Professor Teaches Access 2016,4800
406050,Professor Teaches Excel 2016,4800
406060,Professor Teaches PowerPoint 2016,4800
406080,Ant War: Domination,1500
406090,Lost Moon,3100
406110,Asdivine Hearts,3600
406120,Astral Breakers,2100
406130,DarkMaus,3600
406150,Refunct,1500
406170,Vortex: The Gateway,6800
406220,Gnomes Vs. Fairies,3600
406280,DesertLand 2115,3100
406300,Lighthockey,1100
406310,Stop Online - Battle of Words,2100
406350,KartKraftâ„?unknown,
406400,Axes and Arrows,3600
406720,Alekhine's Gun,9500
406730,"1,000 Heads Among the Trees",2800
406760,"FL337 - ""Fleet""",3600
406780,Welcome to Boon Hill,2100
406840,Professor Teaches Outlook 2016,4800
406850,Crush Your Enemies,unknown
406870,Eventide: Slavic Fable,3600
406920,Monsterland,600
406930,Epic Showdown,600
406940,Dub Dash,1200
415850,BAD END,1100
415950,Yohjo Simulator,2100
416690,Oh...Sir!,free game
426040,Goodnight Butcher,1100
426170,Defragmented,4800
426240,Caretaker Sacrifice,unknown
427030,è»’è½…åŠå¤–å‚³ç©¹ä¹‹æ‰‰(The Gate of Firmament),5100
428100,Beyond Reality,2100
431680,Nuts!: The Battle of the Bulge,6800
437220,The Culling,unknown
438080,Surfingers,1100
438180,Super Mustache,600
438330,Dungeon Runner,unknown
438480,Rock 'N' Roll Defense,2100
448560,Mind Games,unknown
